Date;Journal;Article
22/02/2022;Le Monde;En direct : le secrétaire d’Etat américain Antony Blinken annule sa rencontre avec son homologue russe Sergueï Lavrov
22/02/2022;Le Figaro;Ukraine: jusqu’où ira Vladimir Poutine?
22/02/2022;C News;Suivez en direct l'émission «Elysée 2022 : la sécurité des Français»
22/02/2022;20 Minutes;Zelensky appelle l'armée de réserve mais exclut une mobilisation générale...
22/02/2022;Les Echos;Joe Biden hausse le ton face à la Russie
22/02/2022;France Info;" Crise en Ukraine : quelles sont les sanctions prises par les pays occidentaux contre la Russie ?	"
22/02/2022;Nouvel Obs; Russie-Ukraine : le sentier de la guerre 
22/02/2022;L'Express;En Ukraine, le vrai visage de Poutine
22/02/2022;BFM TV;"Crise ukrainienne: Biden parle de \début d'une invasion\"" et annonce des sanctions contre la Russie"""
22/02/2022;Marianne;Roussel, Zemmour, Jadot… sept candidats à la présidentielle ont présenté leurs programmes aux jeunes
22/02/2022;La Croix;Crise ukrainienne : l’Occident à la recherche du bon niveau de sanctions                  
22/02/2022;Le Point;Zemmour : « Nous ouvrons une troisième page de l’histoire de la Ve République »
22/02/2022;Valeurs Actuelles;Devant Contribuables associés, Éric Zemmour présente son programme économique
22/02/2022;Libération;Russie-Ukraine : un pas de plus vers la guerre
23/02/2022;Le Monde;Les nouvelles sanctions économiques contre la Russie seront-elles plus efficaces que les précédentes ?
23/02/2022;Le Figaro;Donetsk à l’heure de la mobilisation générale
23/02/2022;C News;DIRECT - Crise en Ukraine : les leaders séparatistes de Donetsk et Louhansk demandent officiellement l'aide militaire de la Russie
23/02/2022;20 Minutes;Les séparatistes demandent l’aide de Moscou pour « repousser » l'Ukraine...
23/02/2022;Les Echos;Présidentielle : la cote d'alerte pour Valérie Pécresse
23/02/2022;France Info;" DIRECT. Face à la menace russe, le Parlement ukrainien vote l'état d'urgence nationale pour un mois	"
23/02/2022;Nouvel Obs; Crise ukrainienne : la stratégie en 3 volets de Joe Biden face à Vladimir Poutine 
23/02/2022;L'Express;Zemmour, Le Pen, Mélenchon... Comment le Conseil constitutionnel pourrait contrer leurs plans
23/02/2022;BFM TV;"EN DIRECT - Pécresse \face à BFM\"": \""Je suis la seule candidate à vouloir réduire les dépenses\"""""
23/02/2022;Marianne;Conflit Ukraine-Russie : pourquoi c'est important pour les Français
23/02/2022;La Croix;Comment Vladimir Poutine s’est enferré dans une vision victimaire                  
23/02/2022;Le Point;Le clonage est-il passé de mode ?
23/02/2022;Valeurs Actuelles;La plainte pour viols visant Olivier Ubéda, conseiller d'Éric Zemmour, classée sans suite
23/02/2022;Libération;LR veut museler «Libération» et le chien «Douglas»
24/02/2022;Le Monde;Guerre en Ukraine : pour Joe Biden, Vladimir Poutine va devenir « un paria sur la scène internationale »
24/02/2022;Le Figaro;Guerre en Ukraine : les Vingt-Sept adoptent des sanctions «massives» contre Moscou
24/02/2022;C News;Guerre en Ukraine : ce qu'il faut retenir de l'allocution d'Emmanuel Macron
24/02/2022;20 Minutes;Vladimir Poutine lance sur l'Ukraine des attaques aériennes et terrestres
24/02/2022;Les Echos;Joe Biden persuadé que le conflit avec la Russie sera long
24/02/2022;France Info;" DIRECT. Conflit Russie-Ukraine : l'Union européenne approuve des sanctions \massives\"" contre Moscou dans l'énergie, la finance et les transports	"""
24/02/2022;Nouvel Obs; Les premières heures de Macron à l’Elysée, après l’invasion de l’Ukraine 
24/02/2022;L'Express;Guerre en Ukraine : Poutine avait tout annoncé
24/02/2022;BFM TV;"Guerre en Ukraine: les 27 de l'UE approuvent des sanctions \massives\"" contre Moscou"""
24/02/2022;Marianne;"Guerre en Ukraine : \Génocide\"", \""nazis\""… le vrai du faux dans l'allocution de Poutine"""
24/02/2022;La Croix;« Ça va être comme la Crimée » : à Kharkiv, l’attente ou la fuite avant l’arrivée de l’armée russe               
24/02/2022;Le Point;« Poutine croit à un choc des civilisations entre l’Occident et la Russie »
24/02/2022;Valeurs Actuelles;Dans le camp Pécresse, l’exaspération emporte les adhérents
24/02/2022;Libération;Guerre russe en Ukraine: le scénario du pire
25/02/2022;Le Monde;Guerre en Ukraine : le Royaume-Uni va geler les avoirs de Vladimir Poutine et de Sergueï Lavrov 
25/02/2022;Le Figaro;Les Russes vont «essayer de s'emparer» de Kiev cette nuit, selon Zelensky
25/02/2022;C News;DIRECT - Guerre en Ukraine : les Russes vont «essayer de s'emparer» de Kiev cette nuit, affirme Volodymyr Zelensky
25/02/2022;20 Minutes;La Russie va «essayer de s'emparer» de Kiev cette nuit, selon Zelensky 
25/02/2022;Les Echos;La bataille de Kiev fait rage
25/02/2022;France Info;" DIRECT. Poutine et Lavrov ciblés par les sanctions, les relations diplomatiques proches d'un \point de non-retour\"" selon Moscou	"""
25/02/2022;Nouvel Obs; Combats aux portes de Kiev, nouvelles sanctions : le résumé du 2e jour de guerre en Ukraine 
25/02/2022;L'Express;"Raphaël Glucksmann : \Zemmour et Le Pen ont soutenu leur parrain idéologique Poutine\"""""
25/02/2022;BFM TV;"EN DIRECT - Le président Zelensky déclare que la Russie va \essayer de s'emparer\"" de Kiev cette nuit"""
25/02/2022;Marianne;Que va devenir Volodymyr Zelensky, le président de l'Ukraine ? Quatre scénarios possibles
25/02/2022;La Croix;Invasion russe : « L’Europe n’est pas en guerre mais la guerre menace de s’y développer »
25/02/2022;Le Point;À la une ce samedi 26 février…
25/02/2022;Valeurs Actuelles;Gesticulations de Sandrine Rousseau, radicalisation de sa campagne, impasse idéologique... Le chemin de croix de Yannick Jadot
25/02/2022;Libération;Kiev dans le viseur de l'armée russe
26/02/2022;Le Monde;La Russie veut « élargir l’offensive » sur l’Ukraine, Kiev placée sous couvre-feu
26/02/2022;Le Figaro;À Kiev, l'armée ukrainienne résiste aux assauts russes
26/02/2022;C News;DIRECT - Guerre en Ukraine : Volodymyr Zelensky appelle l'ONU à priver la Russie de son vote au Conseil de sécurité
26/02/2022;20 Minutes;La Russie a-t-elle un temps d’avance grâce à son arsenal de cyber-armes ?
26/02/2022;Les Echos;"EN DIRECT : la Russie annonce \élargir l'offensive\"" sur l'Ukraine"""
26/02/2022;France Info;" VIDEO. Guerre en Ukraine : \Toutes les lumières de l'hôtel sont éteintes\"", témoigne Dorothée Olliéric, l'envoyée spéciale de France Télévisions à Kiev	"""
26/02/2022;Nouvel Obs; Jim Townsend : « Poutine est un homme seul » 
26/02/2022;L'Express;Cyberattaques, fausses informations : ces armes que la Russie maîtrise avec brio
26/02/2022;BFM TV;"Guerre en Ukraine: la Russie annonce \élargir\"" son offensive"""
26/02/2022;Marianne;"Présidentielle 2022 : discours \décousu\"", raideur… Pécresse, candidate en détresse"""
26/02/2022;La Croix;"Face à la Russie, la France s’implique militairement au sein de l’Otan
                        "
26/02/2022;Le Point;Guerre Ukraine-Russie : à Kiev, un parfum d’apocalypse
26/02/2022;Valeurs Actuelles;Présidentielle 2022 : l’ancien LR Renaud Muselier rallie Emmanuel Macron
26/02/2022;Libération;EN DIRECT - Guerre en Ukraine: l’Allemagne prête à couper en partie la Russie des paiements mondiaux
27/02/2022;Le Monde;En direct : l’UE va armer Kiev, les Occidentaux appellent leurs ressortissants à quitter la Russie
27/02/2022;Le Figaro;Les Ukrainiens galvanisés par leurs premières victoires
27/02/2022;C News;DIRECT - Guerre en Ukraine : le Quai d’Orsay appelle les Français à quitter la Russie et la Biélorussie «sans délai»
27/02/2022;20 Minutes;« Poutine dispose du premier arsenal nucléaire au monde »
27/02/2022;Les Echos;Les Européens mobilisés comme jamais pour faire reculer Poutine
27/02/2022;France Info;" Livraison d'armes à l'Ukraine, fermeture de l'espace aérien, interdiction de médias russes... Ce qu'il faut retenir des nouvelles sanctions européennes contre Moscou	"
27/02/2022;Nouvel Obs; Le résumé du 4e jour de guerre en Ukraine : combats, manifestations, menace nucléaire, et livraisons d’armes 
27/02/2022;L'Express;"Guerre en Ukraine : \L'OTAN fait tout pour éviter une attaque russe contre ses membres\"""""
27/02/2022;BFM TV;Guerre en Ukraine: nouvelle nuit sous tension à Kiev, l'UE durcit le ton face à la Russie
27/02/2022;Marianne;Immigration, nucléaire, laïcité… La plupart des partis sont en décalage avec leurs électeurs
27/02/2022;La Croix;"L’Union européenne pourrait acheter des armes pour l’Ukraine
                        "
27/02/2022;Le Point;"Assemblée générale de l’ONU, Ukraine, Stromae… À la une cette semaine
"
27/02/2022;Valeurs Actuelles;[Vidéo] Guerre en Ukraine : “L’élection présidentielle permet de choisir le chef des armées”, rappelle Edouard Philippe
27/02/2022;Libération;«On va prendre très cher» : à Moscou, manifs interdites et interpellations massives
28/02/2022;Le Monde;"Combats et bombardements à Kharkiv ; première série de négociations russo-ukrainiennes inaboutie"
28/02/2022;Le Figaro;La guerre de Poutine resserre les rangs de la nation ukrainienne
28/02/2022;C News;DIRECT - Guerre en Ukraine : Douze membres de la mission diplomatique russe à l'ONU expulsés des Etats-Unis
28/02/2022;20 Minutes;Vladimir Poutine fustige les Occidentaux et ferme son espace aérien
28/02/2022;Les Echos;L'Allemagne entreprend une vaste modernisation de son armée
28/02/2022;France Info;Guerre en Ukraine : les faits marquants du lundi 28 février
28/02/2022;Nouvel Obs;La Cour pénale internationale ouvre une enquête sur de possibles « crimes de guerre » en Ukraine
28/02/2022;L'Express;Invasion russe : comment l'Europe s'organise pour ouvrir ses bras aux Ukrainiens
28/02/2022;BFM TV;"EN DIRECT - \Je sais pouvoir compter sur vous\"": le message d'Emmanuel Macron aux armées"""
28/02/2022;Marianne;Qui est Kadyrov, le bras armé de Poutine qui a envoyé 10 000 de ses soldats en Ukraine ?
28/02/2022;La Croix;Invasion de l’Ukraine, la Russie face au choc économique des sanctions
28/02/2022;Le Point;Le maréchal Lombardo, son « suicide » et l’ombre de Cosa Nostra
28/02/2022;Valeurs Actuelles;Société : deux chercheurs se penchent sur le lien entre terrorisme et intégration culturelle
28/02/2022;Libération;A Kiev, «nous n’allons pas laisser les Russes occuper notre pays»
01/03/2022;Le Monde;L’UE valide l’interdiction des médias russes RT et Sputnik et l’exclusion de « certaines banques russes » du réseau Swift
01/03/2022;Le Figaro;Ukraine: à Vassylkiv, les habitants se préparent à un déluge de feu imminent
01/03/2022;C News;DIRECT - Guerre en Ukraine : Emmanuel Macron convoque mercredi un nouveau Conseil de défense consacré à l'Ukraine
01/03/2022;20 Minutes;Émotion et ovation au Parlement européen après le discours de Zelensky
01/03/2022;Les Echos;Ukraine : le gouvernement recherche l'unité nationale malgré la campagne présidentielle
01/03/2022;France Info;Guerre en Ukraine : les faits marquants du mardi 1er mars
01/03/2022;Nouvel Obs;Les médias russes RT et Sputnik interdits de diffusion dans l’Union européenne
01/03/2022;L'Express;"Guerre en Ukraine : \La menace nucléaire agitée par Poutine est à prendre très au sérieux\"""""
01/03/2022;BFM TV;Guerre en Ukraine: où en est-on au sixième jour des combats?
01/03/2022;Marianne;"Bientôt des justificatifs pour rouler dans Paris ? La future \zone apaisée\"" divise"""
01/03/2022;La Croix;Guerre en Ukraine : à la poursuite des avoirs russes
01/03/2022;Le Point;Volodymyr Zelensky, héros de la liberté
01/03/2022;Valeurs Actuelles;“Une justice communautariste” : une trentaine d’avocats s’opposent au port du voile dans leur profession
01/03/2022;Libération;Guerre en Ukraine: à Kyiv, «je suis mort de peur»
02/03/2022;Le Monde;Le chef de la diplomatie américaine, Antony Blinken, juge « ahurissant » le bilan humain de l’invasion russe
02/03/2022;Le Figaro;Guerre en Ukraine : ce qu'il faut retenir de l'allocution d'Emmanuel Macron
02/03/2022;C News;Suivez en direct l'émission «Élysée 2022 : demandez le programme», avec Éric Zemmour
02/03/2022;20 Minutes;Face à Poutine, Zelensky remporte-t-il la guerre de la communication ?
02/03/2022;Les Echos;Emmanuel Macron veut « protéger » la France des conséquences de la guerre
02/03/2022;France Info;Guerre en Ukraine : ce qu'il faut retenir de l'allocution d'Emmanuel Macron
02/03/2022;Nouvel Obs;Guerre en Ukraine : ce qu’a dit Emmanuel Macron dans son allocution
02/03/2022;L'Express;"Olivier Mas, ex-agent de la DGSE : \On cherche à savoir ce qui se passe autour de Poutine\"""""
02/03/2022;BFM TV;EN DIRECT - Guerre en Ukraine: une forte explosion entendue aux abords de la gare centrale de Kiev
02/03/2022;Marianne;Zemmour, Le Pen… Avec le conflit en Ukraine, malaise chez les poutinophiles
02/03/2022;La Croix;Guerre en Ukraine, Emmanuel Macron annonce un « changement d’époque »
02/03/2022;Le Point;« Nos valises sont prêtes » : en Moldavie, la peur d’une guerre qui déborde
02/03/2022;Valeurs Actuelles;Jean-Pierre Pernaut : “La France dont je parle dans mon journal, c’est la mienne”
02/03/2022;Libération;En Ukraine, les Russes reviennent à la guerre de siège
03/03/2022;Le Monde;La Russie et l’Ukraine s’accordent sur des « couloirs humanitaires » à l’issue des pourparlers
03/03/2022;Le Figaro;Présidentielle 2022 : Emmanuel Macron, un quinquennat et cinq ans de campagnes
03/03/2022;C News;DIRECT - Guerre en Ukraine : Boris Johnson et Jair Bolsonaro appellent à un cessez-le-feu en Ukraine
03/03/2022;20 Minutes;En larmes, les premiers réfugiés ukrainiens arrivent à Marseille
03/03/2022;Les Echos;Présidentielle : candidat, Emmanuel Macron s'engage à poursuivre la baisse des impôts
03/03/2022;France Info;Guerre en Ukraine : les faits marquants du jeudi 3 mars
03/03/2022;Nouvel Obs;Emmanuel Macron officialise sa candidature à la présidentielle dans une « lettre aux Français »
03/03/2022;L'Express;Emmanuel Macron candidat : les sous-titres pour déchiffrer une lettre sobre et classique
03/03/2022;BFM TV;Guerre en Ukraine: quelle est la situation au huitième jour de l'invasion russe?
03/03/2022;Marianne;"Macron officiellement candidat : après la \disruption\"", il joue la carte \""indépendance\"""""
03/03/2022;La Croix;Candidature d’Emmanuel Macron, comment le « maître des horloges » a joué la montre
03/03/2022;Le Point;Présidentielle : la classe politique réagit à la candidature de Macron
03/03/2022;Valeurs Actuelles;Présidentielle 2022 : critique avec le candidat écologiste Yannick Jadot, Sandrine Rousseau exclue de l’équipe de campagne
03/03/2022;Libération;Emmanuel Macron candidat et «en même temps» président
04/03/2022;Le Monde;Emmanuel Macron veut des « mesures concrètes afin d’assurer » la sécurité des sites nucléaires ukrainiens
04/03/2022;Le Figaro;Guerre en Ukraine: dans les rues de Kiev, la traque incessante des infiltrés russes
04/03/2022;C News;DIRECT - Guerre en Ukraine : Après Facebook, Twitter dans le viseur du régulateur russe de l'internet
04/03/2022;20 Minutes;Comment raconter la guerre aux enfants sans les effrayer ?
04/03/2022;Les Echos;Présidentielle : Macron assure qu'il peut encore « faire bouger les choses »
04/03/2022;France Info;CARTE. Guerre en Ukraine : quelles sont les centrales nucléaires proches des zones de combat avec les troupes russes ?
04/03/2022;Nouvel Obs;Sécurité, approvisionnement... Ces questions qui se posent sur les centrales nucléaires en Ukraine
04/03/2022;L'Express;Guerre en Ukraine et chantage nucléaire : comment comprendre la stratégie de Poutine
04/03/2022;BFM TV;"EN DIRECT - Poutine signe la loi punissant de prison les \informations mensongères\"" sur l'armée"""
04/03/2022;Marianne;Mandat, parti, géographie : qui sont les parrains d'Éric Zemmour et de Marine Le Pen ?
04/03/2022;La Croix;Guerre en Ukraine : pourquoi la Russie s’est emparée de la centrale nucléaire de Zaporijjia
04/03/2022;Le Point;Algérie - Philippe Labro : « J’ai tout appris là-bas »
04/03/2022;Valeurs Actuelles;Raquel Garrido remporte son procès contre des militants pro-Zemmour
04/03/2022;Libération;EN DIRECT - Guerre en Ukraine: Macron se dit «extrêmement préoccupé des risques» pour la sécurité nucléaire
05/03/2022;Le Monde;A Marioupol, « c’est un enfer, c’est Alep. Je voudrais que tout le monde l’entende en Europe »
05/03/2022;Le Figaro;Les missiles Javelin, Stinger et NLAW, cauchemar des forces russes
05/03/2022;C News;DIRECT - Guerre en Ukraine : la situation est «catastrophique» à Marioupol, selon Médecins sans frontières
05/03/2022;20 Minutes;Accusée de harcèlement, Nathalie Elimas débarquée du gouvernement
05/03/2022;Les Echos;Guerre en Ukraine : comment se positionnent les pays face à la Russie ?
05/03/2022;France Info;Guerre en Ukraine : ce que l'on sait des biens des oligarques russes gelés ou saisis à l’étranger
05/03/2022;Nouvel Obs;Journal de bord de Kiev : « Chaque instant, comme si c’était le dernier », par Markiyan Kamysh
05/03/2022;L'Express;"Vladimir Poutine est-il \fou\"" ? \""Il a au moins une personnalité mégalomaniaque\"""""
05/03/2022;BFM TV;EN DIRECT - Guerre en Ukraine: nouveaux efforts diplomatiques, situation critique à Marioupol
05/03/2022;Marianne;Présidentielle : comment Zemmour et Le Pen tentent de séduire les milieux d'affaires
05/03/2022;La Croix;Un week-end de manifestations en France et en Europe pour soutenir l’Ukraine
05/03/2022;Le Point;EN DIRECT. Guerre en Ukraine : les Français appelés à quitter la Russie
05/03/2022;Valeurs Actuelles;Seine-et-Marne : deux jeunes filles surprennent des cambrioleurs chez elles et permettent leur arrestation
05/03/2022;Libération;A Paris, une marée jaune et bleu en soutien au peuple ukrainien
06/03/2022;Le Monde;Marioupol et Kharkiv sous les bombes, Kiev en passe d’être encerclée : « l’heure est grave », s’inquiète l’Elysée
06/03/2022;Le Figaro;Sécurité, emploi, éducation, écologie… Le bilan d'Emmanuel Macron passé au crible
06/03/2022;C News;DIRECT - Guerre en Ukraine : Vladimir Poutine affirme qu'il atteindra ses objectifs «soit par la négociation, soit par la guerre»
06/03/2022;20 Minutes;A Toulon, Marion Maréchal à la rescousse d’Eric Zemmour
06/03/2022;Les Echos;Engie : « Sans gaz russe, nous entrerions dans un scénario de l'extrême »
06/03/2022;France Info;"DIRECT. Conflit entre l'Ukraine et la Russie : \La France n'est pas en guerre, l'Otan n'est pas en guerre\"", martèle Jean-Yves Le Drian"""
06/03/2022;Nouvel Obs;Sergueï Parkhomenko : « Les gens commencent à se rendre compte qu’à cause de Poutine, la Russie va être détruite »
06/03/2022;L'Express;"Vladimir Poutine analysé: \Son visage botoxé le rend encore plus indéchiffrable et énigmatique\"""""
06/03/2022;BFM TV;Guerre en Ukraine: la bataille d'Irpin, à 20 kilomètres de Kiev, fait rage
06/03/2022;Marianne;Marion Maréchal avec Éric Zemmour : à Toulon, un ralliement et des doutes
06/03/2022;La Croix;« Personne ne sait ce qu’on a le droit de publier » : la Russie criminalise le travail de la presse
06/03/2022;Le Point;Adriene Mishler, reine des « yogalébrités »
06/03/2022;Valeurs Actuelles;“Mon camp, c’est la France” : Éric Zemmour répond aux accusations de soumission au Kremlin
06/03/2022;Libération;En Ukraine, avec le bataillon «Conan le barbare»: «On était amis, mais ce sont les Russes qui ont tiré les premiers»
06/03/2022;L'Humanité;Avec Sergiy et les volontaires « pour la patrie »
07/03/2022;Le Monde;Etats-Unis, France, Allemagne et Royaume-Uni veulent « augmenter » le prix payé par la Russie
07/03/2022;Le Figaro;Sécurité, emploi, éducation, écologie... Le bilan d'Emmanuel Macron passé au crible
07/03/2022;C News;DIRECT - Guerre en Ukraine : la Russie annonce des cessez-le-feu dans plusieurs villes mardi à 7h
07/03/2022;20 Minutes;Où en est l’épidémie à une semaine de la levée des restrictions ?
07/03/2022;Les Echos;Redevance, prime, école, carburant : les premières promesses du candidat Macron
07/03/2022;France Info;Guerre en Ukraine : les faits marquants du lundi 7 mars
07/03/2022;Nouvel Obs;En direct. 3e round des pourparlers : Kiev salue des « résultats positifs », Moscou insatisfait
07/03/2022;L'Express;"\J'ai décidé d'agir\"" : la guerre en Ukraine suscite des vocations au sein des associations"""
07/03/2022;BFM TV;Couloirs humanitaires contestés, villes encerclées: la situation au douzième jour de l'invasion russe en Ukraine
07/03/2022;Marianne;Nathalie Élimas : la raison cachée de son éviction du gouvernement
07/03/2022;La Croix;Au procès de l’attentat de Saint-Étienne-du-Rouvray, des peines de 7 à 14 ans requises
07/03/2022;Le Point;Quand une princesse de Kiev était reine de France
07/03/2022;Valeurs Actuelles;Assassinat du père Hamel : 7 à 14 ans de prison requis pour les trois accusés
07/03/2022;Libération;Dans la banlieue de Kyiv, «c’est terrifiant, tout est en feu, les gens se font tirer dessus»
07/03/2022;L'Humanité;« Notre programme féministe idéal »
08/03/2022;Le Monde;Le point sur la guerre en Ukraine : difficiles évacuations de civils, la Russie promet un nouveau cessez-le-feu mercredi
08/03/2022;Le Figaro;Macron-Poutine: dans le secret de leurs conversations téléphoniques
08/03/2022;C News;DIRECT - Guerre en Ukraine : les premiers civils évacués par couloir humanitaire sont arrivés «en sécurité», annonce l'administration ukrainienne
08/03/2022;20 Minutes;Faut-il arrêter de parler de « violences faites aux femmes » ?
08/03/2022;Les Echos;EN DIRECT - Présidentielle : le patrimoine des candidats disponible en ligne
08/03/2022;France Info;Guerre en Ukraine : l’évacuation chaotique des civils d’Irpin
08/03/2022;Nouvel Obs;Guerre en Ukraine : le point sur les évènements de ce mardi à 21 heures
08/03/2022;L'Express;"Guerre en Ukraine : \Aucun oligarque proche de Poutine n'osera s'opposer à lui\"""""
08/03/2022;BFM TV;Odessa retranchée, Zelensky déterminé: la situation au treizième jour de l'invasion russe en Ukraine
08/03/2022;Marianne;Procès de Deliveroo : quand les livreurs modèles peinent à défendre leur plateforme
08/03/2022;La Croix;Guerre en Ukraine : les États-Unis bannissent le pétrole russe
08/03/2022;Le Point;Les néonazis qui embarrassent l’Ukraine
08/03/2022;Valeurs Actuelles;Rodéos urbains, trafics de drogue : le ras-le-bol des habitants de Melun face à la délinquance dans leur quartier
08/03/2022;Libération;Contre la Russie, la guerre de l’énergie est déclarée
08/03/2022;L'Humanité;Contre la guerre et ses ravages, l’élan des Français
09/03/2022;Le Monde;Une maternité bombardée à Marioupol, la Russie accusée d’empêcher les évacuations de civils
09/03/2022;Le Figaro;DIRECT - Le PSG reprend le combat contre le Real avec son but d'avance
09/03/2022;C News;Procès de l'assassinat du père Hamel à Saint-Etienne-du-Rouvray : les trois accusés condamnés à de la réclusion criminelle
09/03/2022;20 Minutes;Pourquoi est-ce si compliqué d'envoyer des avions de combat à Kiev ?
09/03/2022;Les Echos;Emmanuel Macron envisage de repousser l'âge de la retraite à 65 ans
09/03/2022;France Info;Guerre en Ukraine : les faits marquants du mercredi 9 mars
09/03/2022;Nouvel Obs;A Moscou, les Russes face au vertige de la guerre : le grand reportage d’Emmanuel Carrère
09/03/2022;L'Express;Siège de Kiev : faut-il craindre des bombardements massifs comme à Alep ou à Grozny ?
09/03/2022;BFM TV;EN DIRECT - Guerre en Ukraine: 17 adultes blessés dans le bombardement d'un hôpital pédiatrique à Marioupol
09/03/2022;Marianne;"Prime Macron : \L’objectif est de ne pas augmenter le niveau des salaires\"""""
09/03/2022;La Croix;Au procès de l’attentat de Saint-Étienne-du-Rouvray, la force des mots jusqu’au dernier jour
09/03/2022;Le Point;Guerre en Ukraine : Corbière se défend d’avoir violé le secret-défense
09/03/2022;Valeurs Actuelles;Repousser l’âge de la retraite à 65 ans ? Emmanuel Macron l’envisage
09/03/2022;Libération;Que sait-on de l’explosion qui a touché un hôpital pour enfants à Marioupol, en Ukraine ?
09/03/2022;L'Humanité;Macron pousse les feux d’une défense européenne
10/03/2022;Le Monde;Le point sur la guerre en Ukraine : les intenses bombardements continuent sur les villes de Marioupol, Kharkiv et Mykolaïv
10/03/2022;Le Figaro;Ukraine: Odessa, perle méridionale russophone, retient son souffle face aux navires ennemis
10/03/2022;C News;Ukraine : qu'elle est la définition d'un «crime de guerre» ?
10/03/2022;20 Minutes;Milik inscrit un doublé mais les Marseillais jouent à se faire peur avant le retour en Suisse
10/03/2022;Les Echos;L'armée russe aux portes de Kiev
10/03/2022;France Info;Guerre en Ukraine : les faits marquants du jeudi 10 mars
10/03/2022;Nouvel Obs;L’Union européenne en sommet à Versailles exclut une adhésion rapide de l’Ukraine
10/03/2022;L'Express;Ukraine : Covid-19, tuberculose... Les épidémies, l'autre risque de la guerre
10/03/2022;BFM TV;EN DIRECT - Guerre en Ukraine: les troupes russes se trouvent toujours à une quinzaine de kilomètres de Kiev
10/03/2022;Marianne;Débat Zemmour/Pécresse : combat à mort pour la troisième place
10/03/2022;La Croix;Ukraine : la stratégie russe, de la guerre éclair à la guerre de siège
10/03/2022;Le Point;Coca, McDo, Nike… L’exode des entreprises américaines de Russie
10/03/2022;Valeurs Actuelles;Présidentielle 2022 : Macron, candidat le plus favorable aux réformes LGBT, selon un sondage
10/03/2022;Libération;En Ukraine, une enfance sous les bombes
10/03/2022;L'Humanité;Dans Kiev assiégée, la population se prépare au pire
11/03/2022;Le Monde;La situation humanitaire devient critique dans plusieurs villes d’Ukraine, la Russie poursuit sa campagne de bombardements
11/03/2022;Le Figaro;Solidaire, l’Union européenne gère sa plus grave crise migratoire
11/03/2022;C News;Guerre en Ukraine : l’inquiétude grandissante des mères de soldats russes laissées sans nouvelles
11/03/2022;20 Minutes;Les Bleus toujours devant, mais on est tous en apnée...
11/03/2022;Les Echos;Face à la guerre en Ukraine, les Européens musclent leur défense et leur économie
11/03/2022;France Info;Guerre en Ukraine : ce qu'il faut retenir du vendredi 11 mars
11/03/2022;Nouvel Obs;« Les Russes ne nous vaincront jamais » : l’ouest de l’Ukraine sur le pied de guerre
11/03/2022;L'Express;"La \Déclaration de Versailles\"", une feuille de route pour une Europe plus résiliente"""
11/03/2022;BFM TV;Dnipro bombardée, 2,5 millions de réfugiés: la situation au seizième jour de la guerre en Ukraine
11/03/2022;Marianne;Pour mettre la pression sur Poutine, la Flandre décide… de priver les étudiants russes de bourse
11/03/2022;La Croix;Guerre en Ukraine : dans l’ouest, les habitants mobilisés pour la défense de leur territoire
11/03/2022;Le Point;EN DIRECT. Guerre en Ukraine : pas de soldats biélorusses repérés en Ukraine
11/03/2022;Valeurs Actuelles;Présidentielle 2022 : le programme à 60 milliards d’euros d’Éric Zemmour
11/03/2022;Libération;A Mykolaïv, «les enfants et les cadavres bousillés, c’est difficile à voir»
11/03/2022;L'Humanité;Dans Kiev assiégée, la population se prépare au pire
12/03/2022;Le Monde;Le point sur la guerre en Ukraine : la Russie bombarde sans relâche certaines villes sans céder à la pression diplomatique
12/03/2022;Le Figaro;Comment la résistance s'organise dans l'ouest de l'Ukraine
12/03/2022;C News;Carburants : Jean Castex annonce une «remise à la pompe de 15 centimes par litre» à partir du 1er avril
12/03/2022;20 Minutes;Kiev accuse Moscou d'avoir tiré sur des femmes et des enfants en train de fuir…
12/03/2022;Les Echos;Le gouvernement annonce une remise à la pompe de 15 centimes par litre à partir du 1er avril
12/03/2022;France Info;"Hausse des prix des carburants : Jean Castex annonce une \remise à la pompe de 15 centimes par litre\"" à partir du 1er avril"""
12/03/2022;Nouvel Obs;Alain Krivine, figure de l’extrême gauche, est décédé
12/03/2022;L'Express;"EXCLUSIF. Niall Ferguson : \Poutine bluffe sur le nucléaire, nous n'aurions pas dû reculer\"""""
12/03/2022;BFM TV;Guerre en Ukraine: quelle est la situation au dix-septième jour de l'invasion russe?
12/03/2022;Marianne;Depuis Étretat, un Pete Doherty enfin apaisé revient \The Fantasy Life Of Poetry &amp
12/03/2022;La Croix;Andreï Kourkov, écrivain ukrainien : « Même les ballerines de l’Opéra de Kiev se sont enrôlées… »
12/03/2022;Le Point;À la une ce dimanche 13 mars…
12/03/2022;Valeurs Actuelles;[Tribune] Hongrie : quand le Jobbik fait le jeu des néo-nazis
12/03/2022;Libération;Paris et Berlin veulent «mettre Vladimir Poutine au pied du mur»
12/03/2022;L'Humanité;En Pologne, l’exode ukrainien bouscule les politiques migratoires de l’UE
13/03/2022;Le Monde;A Marioupol, encerclée par les Russes, « les réserves d’eau sont presque épuisées, les gens meurent de faim, de soif »
13/03/2022;Le Figaro;Guerre en Ukraine : à Mykolaïv, les civils tentent de fuir la violence des bombardements
13/03/2022;C News;DIRECT - Guerre en Ukraine : Kiev confirme la tenue de négociations avec Moscou par visioconférence lundi
13/03/2022;20 Minutes;Faux débat et vraies propositions, le grand oral des candidats sur l'écologie
13/03/2022;Les Echos;Ukraine : la Russie accentue la pression sur les Occidentaux
13/03/2022;France Info;Guerre en Ukraine : ce qu'il faut retenir de la journée du dimanche 13 mars
13/03/2022;Nouvel Obs;Enlever le masque ou pas ? C’est « prématuré en intérieur dans les lieux clos »
13/03/2022;L'Express;"EXCLUSIF. Niall Ferguson : \Poutine bluffe sur le nucléaire, nous n'aurions pas dû reculer\"""""
13/03/2022;BFM TV;Guerre en Ukraine: ce que l'on sait de la mort du journaliste Brent Renaud à Irpin
13/03/2022;Marianne;1962-2022 : en France comme en Algérie, 60 ans de manipulations sur la guerre
13/03/2022;La Croix;Guerre en Ukraine : à Odessa, la lente hémorragie du départ
13/03/2022;Le Point;Soutien d’Éric Zemmour, Marion Maréchal assure n’avoir « trahi personne »
13/03/2022;Valeurs Actuelles;Yvan Colonna : des violences éclatent en marge d’une manifestation à Bastia
13/03/2022;Libération;En Ukraine, une frappe tournée vers l'Ouest
13/03/2022;L'Humanité;Fin du port du masque : un calendrier plus électoral que sanitaire
14/03/2022;Le Monde;Emmanuel Macron veut « stopper cette guerre sans faire la guerre », Marine Le Pen refuse de dire que Vladimir Poutine est un « dictateur » : huit candidats « face à la guerre » sur TF1
14/03/2022;Le Figaro;DIRECT - Présidentielle 2022 : Emmanuel Macron souhaite «stopper la guerre sans faire la guerre»
14/03/2022;C News;Guerre en Ukraine : Turquie, Chine, Israël… Qui pour jouer les négociateurs entre Moscou et Kiev ?
14/03/2022;20 Minutes;Le candidat Emmanuel Macron entre en scène sur TF1...
14/03/2022;Les Echos;La commande d'avions américains F-35 de Berlin déstabilise le couple franco-allemand
14/03/2022;France Info;VIDEO. Guerre en Ukraine : à Mykolaïv, les habitants se réfugient sous terre pour se protéger des bombardements
14/03/2022;Nouvel Obs;Direct - « La France face à la guerre » sur TF1 : « Il faut dès maintenant préparer la paix », estime Macron
14/03/2022;L'Express;Poutine, Pécresse, Hanouna, services secrets français : les confidences d'un ex-agent du KGB
14/03/2022;BFM TV;LIGNE ROUGE - Volodymyr Zelensky, du rire aux armes
14/03/2022;Marianne;"\La France face à la guerre\"" sur TF1 : la colère des candidats à la présidentielle non conviés"""
14/03/2022;La Croix;« Nous vivons collés à une base qui sera la première visée » : en Roumanie, un avant-poste de l’Otan face à la menace russe
14/03/2022;Le Point;Wole Soyinka : « Poutine donne dans l’esclavage de masse »
14/03/2022;Valeurs Actuelles;Une mosquée près de Bordeaux fermée 6 mois pour « idéologie salafiste »
14/03/2022;Libération;Ukraine: l’alliance sino-russe à l’épreuve du feu
14/03/2022;L'Humanité;Avec la guerre en Ukraine, les prix flambent et la faim menace
15/03/2022;Le Monde;Le point sur la situation en Ukraine
15/03/2022;Le Figaro;Au procès du 13-Novembre: Salah Abdeslam, ce djihadiste qui se défend comme un petit dealer
15/03/2022;C News;DIRECT - Guerre en Ukraine : 20.000 personnes ont été évacuées de Marioupol ce mardi
15/03/2022;20 Minutes;La biotech LinKinVax va développer un vaccin universel et plus durable
15/03/2022;Les Echos;Les bombardements en Ukraine s'intensifient, son président renonce à l'Otan
15/03/2022;France Info;VIDEO. Guerre en Ukraine : des maires disparaissent et sont remplacés par des pro-russes
15/03/2022;Nouvel Obs;« Peut-on s’autoriser à aller mal dans un monde en guerre ? » : comment gérer l’anxiété liée au conflit en Ukraine ?
15/03/2022;L'Express;Vladimir Poutine : l'enfance sinistre d'un futur envahisseur
15/03/2022;BFM TV;Kiev sous couvre-feu, des journalistes tués: la situation au vingtième jour de l'invasion russe en Ukraine
15/03/2022;Marianne;Vers un versement automatique des aides sociales : les limites de la promesse de Macron
15/03/2022;La Croix;Ukraine-Russie, le subtil équilibre de la diplomatie vaticane
15/03/2022;Le Point;Nordahl Lelandais : « le péché d’orgueil » de Me Alain Jakubowicz
15/03/2022;Valeurs Actuelles;Eric Zemmour dévoile son slogan et son affiche de campagne officielle
15/03/2022;Libération;Dans les abris de Kyiv: «D’ici, on n’entend pas les bombes, c’était le seul moyen de calmer ma fille»
15/03/2022;L'Humanité;Comment 2 ans de Covid ont bouleversé nos vies
16/03/2022;Le Monde;Joe Biden qualifie pour la première fois Vladimir Poutine de « criminel de guerre », des propos « inacceptables et impardonnables » pour le Kremlin
16/03/2022;Le Figaro;Sur le front de Kiev avec les Tchétchènes pro-ukrainiens: le récit de notre envoyée spéciale
16/03/2022;C News;DIRECT - Guerre en Ukraine : une enquête pour crime de guerre ouverte en France après la mort du journaliste Pierre Zakrzewski
16/03/2022;20 Minutes;A quoi « l’autonomie » de la Corse pourrait-elle ressembler ?
16/03/2022;Les Echos;La guerre en Ukraine, un triple choc pour l'économie française
16/03/2022;France Info;"DIRECT. Guerre en Ukraine : Joe Biden qualifie pour la première fois Vladimir Poutine de \criminel de guerre\"""""
16/03/2022;Nouvel Obs;Guerre en Ukraine : le point sur la situation ce mercredi 16 mars à 21 heures
16/03/2022;L'Express;Poutine, la lente dérive d'un dictateur : notre grand récit
16/03/2022;BFM TV;Théâtre bombardé à Marioupol, aide américaine: où en est-on au 21ème jour de l'invasion russe en Ukraine?
16/03/2022;Marianne;Marine Le Pen sur C8 dans Face à Baba, suivez notre live
16/03/2022;La Croix;Guerre en Ukraine : pourra-t-on juger un jour Vladimir Poutine ?
16/03/2022;Le Point;Télétravail, vie privée, consommation… Dans les abîmes du « monde d’après »
16/03/2022;Valeurs Actuelles;La France est « paralysée » face à l'Algérie, déplore l'ancien ambassadeur à Alger
16/03/2022;Libération;Volontaires étrangers en Ukraine: «Quand on sait combattre, c’est notre devoir d’aider les autres»
16/03/2022;L'Humanité;Philippe Martinez : « La seule solution contre la vie chère, c’est la hausse des salaires »
17/03/2022;Le Monde;La Russie accusée de « crimes de guerre », 100 000 réfugiés en 24 heures... Le point sur la situation en Ukraine
17/03/2022;Le Figaro;Ces gamins ukrainiens qui font l’apprentissage de la guerre: le récit de notre envoyée spéciale
17/03/2022;C News;Présidentielle 2022 : Ce qu'il faut retenir du programme présenté par Emmanuel Macron
17/03/2022;20 Minutes;« Je suis la seule candidature écologiste »
17/03/2022;Les Echos;Emploi, impôts, retraites… ce qu'il faut retenir du programme d'Emmanuel Macron
17/03/2022;France Info;"DIRECT. Présidentielle 2022 : \Je suis dans la gauche du réel\"", défend la candidate socialiste, Anne Hidalgo"""
17/03/2022;Nouvel Obs;La nouvelle méthode Macron : le changement, ça prend du temps
17/03/2022;L'Express;"Emmanuel Macron présente un projet \ultra-concret\"" et manie l'art de l'esquive"""
17/03/2022;BFM TV;Document BFMTV: les images de drone de l’armée ukrainienne pour dénoncer un crime de guerre
17/03/2022;Marianne;"\Travailler plus\"", \""pacte pour les enseignants\"" : le programme de Macron passé au crible"""
17/03/2022;La Croix;Programme d’Emmanuel Macron : le RSA conditionné à une activité, une vieille idée pas si facile à appliquer
17/03/2022;Le Point;Gernelle – Poutine, « cœur de chien »
17/03/2022;Valeurs Actuelles;“Un projet du déni”, “5 ans de malheur en plus” : les adversaires de Macron critiquent son programme présidentiel
17/03/2022;Libération;Emmanuel Macron, un président-candidat qui pompe LR
17/03/2022;L'Humanité;Rétif au débat, Macron monologue sur son programme
18/03/2022;Le Monde;Emmanuel Macron a fait part à Vladimir Poutine de sa « préoccupation extrême » concernant Marioupol
18/03/2022;Le Figaro;L’effroyable calvaire des naufragés de Marioupol sous la mitraille russe: le récit de l’envoyé spécial du Figaro
18/03/2022;C News;DIRECT - Guerre en Ukraine : Vladimir Poutine accuse l'Ukraine de «crimes de guerre» auprès d'Emmanuel Macron
18/03/2022;20 Minutes;Dix ans après la tuerie, « on mesure le cadeau que ça peut être de vivre »
18/03/2022;Les Echos;Guerre en Ukraine : ce qu’il faut retenir de la journée du vendredi 18 mars
18/03/2022;France Info;Guerre en Ukraine : ce qu'il faut retenir de la journée du vendredi 18 mars
18/03/2022;Nouvel Obs;On a testé la plateforme d’appels aux Russes pour contrer la propagande de Moscou
18/03/2022;L'Express;À Pau, Emmanuel Macron veut montrer qu'il sait se mettre en danger
18/03/2022;BFM TV;"\Oui, je le referais\"": Marina Ovsiannikova, la journaliste qui a fait irruption à la TV russe, témoigne sur BFMTV"""
18/03/2022;Marianne;"Variant BA.2 Omicron : \les mesures ont été levées trop tôt à cause de l’agenda politique\"""""
18/03/2022;La Croix;Guerre en Ukraine : les 3 jours où l’Europe a basculé
18/03/2022;Le Point;Programme de Macron : à la recherche du feu sacré de 2017
18/03/2022;Valeurs Actuelles;Un migrant syrien refoulé réclame 500 000 euros à Frontex
18/03/2022;Libération;Poutine fanfaronne, Xi tâtonne
18/03/2022;L'Humanité;Rétif au débat, Macron monologue sur son programme
19/03/2022;Le Monde;« Des enfants, des personnes âgées sont en train de mourir » : l’armée russe est entrée dans Marioupol, assiégée depuis près de trois semaines
19/03/2022;Le Figaro;DIRECT - Six Nations : les Bleus font le break juste avant le repos et se rapprochent du Grand Chelem
19/03/2022;C News;Guerre en Ukraine : des eurodéputés tentent de proposer la candidature de Volodymyr Zelensky pour le Nobel de la paix
19/03/2022;20 Minutes;Cros fait le break juste avant la pause, ça sent bon...
19/03/2022;Les Echos;EN DIRECT - Ukraine : des dizaines de morts dans un bombardement à Mykolaïv
19/03/2022;France Info;EN DIRECT. Rugby : Ça commence à sentir le grand chelem ! La France mène largement à la pause contre l'Angleterre (18-6). Suivez et commentez le match avec nous
19/03/2022;Nouvel Obs;Guerre en Ukraine : les principaux évènements de ce samedi 19 mars
19/03/2022;L'Express;Guerre en Ukraine : ces deux leçons venues de l'Antiquité grecque
19/03/2022;BFM TV;France-Angleterre en direct: les Bleus font la course en tête
19/03/2022;Marianne;Comment Bercy veut évincer un oligarque russe d'une société de transports française
19/03/2022;La Croix;Réforme de la Curie romaine : la révolution du pape François
19/03/2022;Le Point;Gogol, Conrad, Babel, Horowitz… Ukraine, terre de génies
19/03/2022;Valeurs Actuelles;Riner, Slimani, de Villers... La maladresse de Valérie Pécresse qui rêvait déjà de son gouvernement
19/03/2022;Libération;En Ukraine, les Russes progressent dans le Donbass mais reculent à Mykolaïv
19/03/2022;L'Humanité;Guerre d’Algérie : Emmanuel Macron veut poursuivre le travail de « reconnaissance »
20/03/2022;Le Monde;"A Marioupol, « chaque maison est devenue une cible » ; l’armée russe frappe un village près de Kiev"
20/03/2022;Le Figaro;La présidentielle hantée par les législatives
20/03/2022;C News;Attentats de Toulouse et Montauban : ce qu'il faut retenir du discours d'Emmanuel Macron
20/03/2022;20 Minutes;Penalty de rien du tout, mais l'OM ne dit pas non
20/03/2022;Les Echos;Guerre en Ukraine : les craintes d'un enlisement du conflit
20/03/2022;France Info;Guerre en Ukraine : ce qu'il faut retenir de la journée du dimanche 20 mars
20/03/2022;Nouvel Obs;Climatoscepticisme : comment le camp réactionnaire alimente le déni climatique
20/03/2022;L'Express;"Inflation dans le bâtiment : \Quand je fais un devis, c'est la trouille au ventre\"""""
20/03/2022;BFM TV;"Marioupol et Kiev visées, \solution finale\"" menée par la Russie: la situation en Ukraine au 25e jour du conflit"""
20/03/2022;Marianne;Prostitution : avec le conflit en Ukraine, la crainte d'une hausse des trafics d'êtres humains
20/03/2022;La Croix;À Paris, Jean-Luc Mélenchon galvanise ses troupes et sent le second tour « à portée de main »
20/03/2022;Le Point;En Ukraine, un arrière-goût de guerre d’Espagne
20/03/2022;Valeurs Actuelles;Marseille, bientôt ville-test pour la légalisation du cannabis ?
20/03/2022;Libération;Jean-Luc Mélenchon: la République en masse
20/03/2022;L'Humanité;Présidentielle. Comment redonner la priorité à la Culture ?
21/03/2022;Le Monde;Volodymyr Zelensky réitère son souhait de rencontrer en personne Vladimir Poutine
21/03/2022;Le Figaro;Yvan Colonna est mort, trois semaines après son agression en prison
21/03/2022;C News;Le militant nationaliste corse Yvan Colonna est mort des suites de son agression
21/03/2022;20 Minutes;«Notre avenir n’est pas joyeux»… Inquiets, les taxis multiplient les blocages
21/03/2022;Les Echos;Présidentielle : Castex entre en scène
21/03/2022;France Info;L'indépendantiste corse Yvan Colonna, condamné pour l'assassinat du préfet Erignac, est mort, annoncent ses avocats
21/03/2022;Nouvel Obs;Yvan Colonna est mort, trois semaines après son agression en prison
21/03/2022;L'Express;"Le général Ben Hodges : \Dans la guerre en Ukraine, la semaine qui vient est décisive\"""""
21/03/2022;BFM TV;Yvan Colonna est mort, trois semaines après sa violente agression en prison
21/03/2022;Marianne;Yvan Colonna est mort, trois semaines après son agression en prison
21/03/2022;La Croix;« L’atmosphère est totalement différente » : comment le pape François redéfinit le rôle de la Curie
21/03/2022;Le Point;La révolution protectionniste de Macron
21/03/2022;Valeurs Actuelles;[Coulisses] Ce que Valeurs actuelles mijote au Palais des Sports
21/03/2022;Libération;Mort d’Yvan Colonna, figure noire de la lutte armée corse
21/03/2022;L'Humanité;L’extrême droite et Poutine, entre intérêts et admiration
22/03/2022;Le Monde;Guerre en Ukraine : Zelensky va s’exprimer au sommet de l’OTAN par visioconférence
22/03/2022;Le Figaro;À Starobilsk, les Russes instaurent la terreur: le récit de l’envoyée spéciale du Figaro
22/03/2022;C News;DIRECT - Guerre en Ukraine : les Occidentaux vont prendre jeudi de nouvelles sanctions contre la Russie, annonce la Maison Blanche
22/03/2022;20 Minutes;Ce que l’on sait de l’accident d’avion qui transportait 132 personnes
22/03/2022;Les Echos;« Ce que veut Poutine, c'est détruire l'Union européenne »
22/03/2022;France Info;"DIRECT. Guerre en Ukraine : \il n'y a pour l'heure pas d'accord\"", assure l'Elysée après une nouvelle discussion entre Macron et Poutine"""
22/03/2022;Nouvel Obs;« Dénazifier l’Ukraine, c’est une ineptie ! Où sont les nazis ? »
22/03/2022;L'Express;"\Xi Jinping et Poutine veulent marginaliser les Etats-Unis et leurs alliés\"""""
22/03/2022;BFM TV;EN DIRECT - Covid-19: Le Pen s'engage à payer rétroactivement les soignants non vaccinés
22/03/2022;Marianne;"\La sororité, tu t'en souviens ?\"" : évincée par Sandrine Rousseau, l'EELV Claire Monod réagit"""
22/03/2022;La Croix;Réforme de la Curie, une nouvelle conception du pouvoir ?
22/03/2022;Le Point;Marine Le Pen : comment Chirac l’a inspirée
22/03/2022;Valeurs Actuelles;Congrès des chasseurs : Yannick Jadot et Jean-Luc Mélenchon pas invités
22/03/2022;Libération;Guerre en Ukraine: «Les Russes ne parviennent pas à pénétrer à Kharkiv, alors ils se vengent»
22/03/2022;L'Humanité;Reportage. « On se serre la ceinture et d’autres se sucrent sur notre dos »
23/03/2022;Le Monde;Renault annonce la suspension de ses activités industrielles en Russie
23/03/2022;Le Figaro;Joe Biden, chef de guerre malgré lui du camp occidental
23/03/2022;C News;DIRECT - Guerre en Ukraine : Joe Biden en Europe pour montrer l'unité des Occidentaux contre la Russie
23/03/2022;20 Minutes;A peine arrivées d'Ukraine, Liliia et Uliana rêvent de « rentrer à la maison »
23/03/2022;Les Echos;Guerre en Ukraine : Renault prépare son retrait de Russie
23/03/2022;France Info;Guerre en Ukraine : ce qu'il faut retenir de la journée du mercredi 23 mars
23/03/2022;Nouvel Obs;Les secrets de la « méthode Biden » face à Poutine
23/03/2022;L'Express;"Si la Russie attaque l'Europe... Le \corridor de Suwalki\"" sera le point faible de l'Otan"""
23/03/2022;BFM TV;Guerre en Ukraine: Kiev accuse la Russie d'avoir utilisé des bombes au phosphore sur plusieurs villes
23/03/2022;Marianne;Guerre en Ukraine : un mois après, où en est l’offensive russe ?
23/03/2022;La Croix;Guerre en Ukraine : la Commission européenne plaide pour des achats groupés de gaz
23/03/2022;Le Point;À la mairie de Paris, le retour à venir d’Anne Hidalgo soulève des questions
23/03/2022;Valeurs Actuelles;“Je suis contre la woke-culture” : Macron s’oppose au déboulonnage des statues
23/03/2022;Libération;Guerre en Ukraine: à Kharkiv, «la résistance est un affront personnel pour le Kremlin»
23/03/2022;L'Humanité;Ukraine. Un mois après la guerre éclair, le bourbier
24/03/2022;Le Monde;Joe Biden évoque de nouvelles sanctions contre la Russie et promet une « réponse » de l’OTAN en cas de recours à des armes chimiques
24/03/2022;Le Figaro;Un mois de guerre en Ukraine, le récit de notre envoyé spécial
24/03/2022;C News;Marine Le Pen sur le spectre d'une attaque aux armes chimiques de la Russie : «je reste prudente avec les renseignements fournis par les Etats-Unis»
24/03/2022;20 Minutes;L’AIEA inquiète pour le personnel de Tchernobyl après des bombardements...
24/03/2022;Les Echos;Guerre en Ukraine : les Occidentaux consolident leur riposte
24/03/2022;France Info;"DIRECT. Présidentielle : Mélenchon, Pécresse, Roussel, Lassalle, Arthaud ont défendu leurs programmes à \Elysée 2022\"""""
24/03/2022;Nouvel Obs;Entre Kiev et Moscou, « Erdogan joue un jeu d’équilibrisme gagnant »
24/03/2022;L'Express;"Colonel Michel Goya : \Dans les guerres, y compris en Ukraine, il y a toujours des surprises\"""""
24/03/2022;BFM TV;"\Ne pas devenir cobelligérants\"": pourquoi les Occidentaux refusent de fixer une \""ligne rouge\"" à la Russie"""
24/03/2022;Marianne;Cours du rouble : pourquoi la Russie résiste (jusqu'ici) aux sanctions financières occidentales
24/03/2022;La Croix;Énergie : et si on repartait à la « chasse au gaspi » ?
24/03/2022;Le Point;À la une ce vendredi 25 mars…
24/03/2022;Valeurs Actuelles;Présidentielle 2022 : Valérie Pécresse promet de faire “toutes les réformes que la droite voulait faire”
24/03/2022;Libération;Armée ukrainienne: la renaissance d’une nation
24/03/2022;L'Humanité;Les perdants de la future réforme donnent de la voix
25/03/2022;Le Monde;La Commission européenne pourra faire des achats communs d’énergie afin de « faire baisser le prix de notre gaz », annonce Emmanuel Macron
25/03/2022;Le Figaro;DIRECT - Guerre en Ukraine : la France va mener une «opération humanitaire» d'évacuation de Marioupol avec la Turquie et la Grèce
25/03/2022;C News;DIRECT - Guerre en Ukraine : Emmanuel Macron annonce une «opération humanitaire exceptionnelle» à Marioupol avec la Turquie et la Grèce
25/03/2022;20 Minutes;Olivier Giroud est bien de retour dans la place...
25/03/2022;Les Echos;EN DIRECT - Guerre en Ukraine : la Russie dit vouloir se concentrer sur la « libération » du Donbass
25/03/2022;France Info;"DIRECT. Guerre en Ukraine : Emmanuel Macron annonce une \opération humanitaire exceptionnelle\"" pour évacuer les civils voulant quitter Marioupol"""
25/03/2022;Nouvel Obs;Le scandale McKinsey va-t-il tourner à l’affaire d’Etat ?
25/03/2022;L'Express;"Guerre en Ukraine : la mystérieuse \disparition\"" du ministre russe de la Défense"""
25/03/2022;BFM TV;EN DIRECT - Ukraine: Macron annonce une opération humanitaire internationale pour évacuer Marioupol
25/03/2022;Marianne;"\On risque de juger les abus du quinquennat Macron quand les responsables auront 75 ans\"""""
25/03/2022;La Croix;Le pape consacre la Russie et l’Ukraine, engagées dans une « guerre odieuse », au Cœur immaculé de Marie
25/03/2022;Le Point;Et si Washington remplaçait le pétrole de Poutine par celui de Maduro ?
25/03/2022;Valeurs Actuelles;"\Tu es patriote ? Rejoins-nous\"" : les signataires de la Tribune des Généraux défilent ce samedi à Paris pour défendre les fiertés françaises"""
25/03/2022;Libération;Guerre en Ukraine: la faim d’un monde
25/03/2022;L'Humanité;Journée mondiale de l’endométriose : «Une maladie complexe, sans aucun traitement curatif»
26/03/2022;Le Monde;Joe Biden de plus en plus virulent envers Vladimir Poutine
26/03/2022;Le Figaro;Guerre en Ukraine : pourquoi l'armée russe se retourne vers l'Est
26/03/2022;C News;DIRECT - Guerre en Ukraine : Joe Biden avertit la Russie qu'elle ne doit pas «avancer d'un centimètre en territoire de l'Otan»
26/03/2022;20 Minutes;Séparés par la guerre, une mère et ses enfants réunis grâce à une ONG nordiste
26/03/2022;Les Echos;Ehpad : l'Etat porte plainte contre Orpéa
26/03/2022;France Info;"Guerre en Ukraine : \L'annonce n'aura pas d'effets directs sur les négociations\"", analyse un chercheur après l'annonce de la Russie de se concentrer sur le Donbass"""
26/03/2022;Nouvel Obs;Retraites, éducation, santé… Ce que ne dit pas Emmanuel Macron
26/03/2022;L'Express;"Guerre en Ukraine : \La Russie prend acte du fait que ses troupes n'avancent plus nulle part\"""""
26/03/2022;BFM TV;Guerre en Ukraine: quelle est la situation au 31e jour de l'invasion russe?
26/03/2022;Marianne;"Zemmour à Stanislas, Mélenchon à Henri-IV : les futures \élites\"" de la nation votent radical"""
26/03/2022;La Croix;Pour les réfugiés ukrainiens, des offres d’emploi généreuses mais « prématurées »
26/03/2022;Le Point;À la une ce dimanche 27 mars...
26/03/2022;Valeurs Actuelles;“Il faut retrouver un espoir” : François Hollande prêt à revenir après la présidentielle
26/03/2022;Libération;Ukraine : Biden étrille le «boucher» Poutine et estime qu’il «ne peut pas rester au pouvoir»
26/03/2022;L'Humanité;"Enquête. Poutine &amp; associés : le business russe des oligarques français"
27/03/2022;Le Monde;En Ukraine, une économie au service de la guerre
27/03/2022;Le Figaro;Kharkiv résiste sous le feu des bombes russes: le récit des envoyées spéciales du Figaro
27/03/2022;C News;DIRECT - Guerre en Ukraine : la question de la «neutralité» du pays est «étudiée en profondeur», affirme Volodymyr Zelensky
27/03/2022;20 Minutes;Au Trocadéro, Eric Zemmour mobilise ses soutiens avec l'espoir d'un « vote caché »
27/03/2022;Les Echos;Carburants : la remise sera finalement de 18 centimes par litre
27/03/2022;France Info;Guerre en Ukraine : ce qu'il faut retenir de la journée du dimanche 27 mars
27/03/2022;Nouvel Obs;Au Trocadéro, Zemmour joue les « durs » devant une foule chauffée à blanc
27/03/2022;L'Express;Guerre en Ukraine : après les bombes, la faim dans le monde
27/03/2022;BFM TV;Guerre en Ukraine: où en est-on au 32e jour du conflit?
27/03/2022;Marianne;"À Marseille, Jean-Luc Mélenchon se rêve en \pire cauchemar\"" de Macron et Le Pen"""
27/03/2022;La Croix;Guerre en Ukraine : la planète blé en ébullition face au risque de pénurie
27/03/2022;Le Point;Présidentielle, les Bleus, Ariane 6... À la une cette semaine
27/03/2022;Valeurs Actuelles;[Vidéo] Mort d'Yvan Colonna : des individus cagoulés prennent d’assaut une caserne de CRS en Corse
27/03/2022;Libération;Mélenchon, Jadot, Roussel Zemmour... un gros dimanche de campagne
27/03/2022;L'Humanité;Guerre en Ukraine: Kryvyï Rih, la ville refuge qui résiste aux assauts russes
28/03/2022;Le Monde;"L’Ukraine annonce qu’Irpin a été reprise ; Biden dit qu’il ne « retire pas » ses propos sur le départ de Poutine du pouvoir"
28/03/2022;Le Figaro;Russie-Ukraine: sur quoi négocient les deux camps
28/03/2022;C News;Présidentielle 2022 : quelle différence entre l’équité et l’égalité du temps d’antenne ?
28/03/2022;20 Minutes;L'Ukraine annonce qu'Irpin, près de Kiev, a été « libérée » des forces russes...
28/03/2022;Les Echos;Guerre en Ukraine : Kiev se dit prêt à des concessions sous conditions
28/03/2022;France Info;Guerre en Ukraine : ce qu'il faut retenir de la journée du lundi 28 mars
28/03/2022;Nouvel Obs;Les inquiétantes conséquences de l’onde de choc stratégique de la guerre en Ukraine
28/03/2022;L'Express;Marine Le Pen : ses soirées mondaines, ses déjeuners politiques... Secrets de campagne
28/03/2022;BFM TV;5000 morts à Marioupol, Irpin libérée: le récit de ce 33e jour de guerre en Ukraine
28/03/2022;Marianne;"Vers un duel Macron-Le Pen à la présidentielle : \le jeu est plus ouvert qu’il n’y paraît\"""""
28/03/2022;La Croix;En Ukraine, l’invasion russe sombre dans la guerre d’usure
28/03/2022;Le Point;Corse : Jean Lassalle veut « accentuer le statut d'autonomie »
28/03/2022;Valeurs Actuelles;Le sondage secret du PS qui étrille le bilan parisien d’Anne Hidalgo
28/03/2022;Libération;En Ukraine, le souffle de la guerre s’infiltre dans les champs et les villages
28/03/2022;L'Humanité;Les milliards de l’évasion à portée de vote
29/03/2022;Le Monde;Les signaux en provenance des négociations russo-ukrainiennes en Turquie sont « positifs », estime Volodymyr Zelensky
29/03/2022;Le Figaro;Erdogan se pose en «parrain» des pourparlers russo-ukrainiens
29/03/2022;C News;DIRECT - Guerre en Ukraine : Washington évoque un «repositionnement» des Russes près de Kiev, «pas un vrai retrait»
29/03/2022;20 Minutes;Ben Yedder y va de son but, ça fait quatre pour les Bleus...
29/03/2022;Les Echos;Guerre en Ukraine : l'espoir d'un règlement diplomatique du conflit
29/03/2022;France Info;"DIRECT. Guerre en Ukraine : Volodymyr Zelensky évoque des signaux \positifs\"" aux pourparlers avec Moscou"""
29/03/2022;Nouvel Obs;Poutine a-t-il changé d’objectif en Ukraine ?
29/03/2022;L'Express;"Guerre en Ukraine : \Le niveau de pensée de Poutine s'est considérablement affaissé\"""""
29/03/2022;BFM TV;"EN DIRECT - Guerre en Ukraine: Volodymyr Zelensky évoque des signaux \positifs\"" lors des pourparlers"""
29/03/2022;Marianne;Cyniques, fauchés, lourdauds : on vous décrypte les clips de campagne de la présidentielle
29/03/2022;La Croix;Guerre en Ukraine : les pourparlers de paix à Istanbul ont-ils une chance d’aboutir ?
29/03/2022;Le Point;Agressions sexuelles : Jean-Vincent Placé mis en examen
29/03/2022;Valeurs Actuelles;Israël : des attaques à Tel Aviv font au moins cinq morts
29/03/2022;Libération;Ukraine: une journée de petites promesses et de grandes attentes
29/03/2022;L'Humanité;Cette guerre qui aggrave la fracture Nord-Sud
30/03/2022;Le Monde;Guerre en Ukraine, en direct : Moscou annonce un cessez-le-feu à Marioupol, l’Ukraine accuse la Russie d’avoir tiré des obus au phosphore
30/03/2022;Le Figaro;Guerre en Ukraine : le chef du renseignement militaire français remercié
30/03/2022;C News;DIRECT - Guerre en Ukraine : Moscou promet un cessez-le-feu à Marioupol demain, afin d'évacuer des civils
30/03/2022;20 Minutes;Moscou annonce un cessez-le-feu à Marioupol pour évacuer les civils...
30/03/2022;Les Echos;Guerre en Ukraine : l'Europe touchée de plein fouet par l'inflation
30/03/2022;France Info;DIRECT. Guerre en Ukraine : Moscou promet un cessez-le-feu à Marioupol jeudi pour évacuer des civils
30/03/2022;Nouvel Obs;Salah Abdeslam sur le soir du 13-Novembre : « J’ai pas été jusqu’au bout, j’ai renoncé à activer ma ceinture »
30/03/2022;L'Express;Marine Le Pen : dix jours pour convaincre... et ne surtout rien changer
30/03/2022;BFM TV;EN DIRECT - Ukraine: Moscou annonce un cessez-le-feu à Marioupol jeudi pour évacuer des civils
30/03/2022;Marianne;Mais où est passé le pognon de dingue que Macron aurait palpé chez Rothschild ?
30/03/2022;La Croix;Guerre en Ukraine : le grand flou des négociations
30/03/2022;Le Point;EN DIRECT. Guerre en Ukraine : Moscou annonce un cessez-le-feu à Marioupol
30/03/2022;Valeurs Actuelles;60 % des sympathisants de Reconquête ! souhaitent une alliance avec le RN
30/03/2022;Libération;Gare du Nord: des vies entre les lignes
30/03/2022;L'Humanité;Services publics : jeu de dupes à droite et au RN
31/03/2022;Le Monde;La campagne présidentielle, en direct : sur France 2, Jean-Luc Mélenchon attaque Marine Le Pen sur le pouvoir d’achat et dénonce le « scandale » du recours aux cabinets de conseils par l’exécutif
31/03/2022;Le Figaro;Guerre en Ukraine: la Chine tente d’amadouer des Européens exaspérés
31/03/2022;C News;DIRECT - Guerre en Ukraine : les Russes ont quitté la centrale de Tchernobyl, selon les autorités ukrainiennes
31/03/2022;20 Minutes;Arrivé en France, Loïk Le Priol a été placé en rétention
31/03/2022;Les Echos;La Russie se ferme aux dirigeants et influenceurs européens
31/03/2022;France Info;"DIRECT. Présidentielle : \Emmanuel Macron incarne un ordre du monde à bout de souffle\"", estime Jean-Luc Mélenchon"""
31/03/2022;Nouvel Obs;« Si on continue la politique de l’autruche, on devra rationner le gaz l’hiver prochain ! »
31/03/2022;L'Express;"Andreï Kourkov : \Tant que Poutine vivra, il continuera cette guerre contre l'Ukraine...\"""""
31/03/2022;BFM TV;Évacuation de Marioupol, tensions diplomatiques: où en est-on au 36e jour de l'invasion russe en Ukraine?
31/03/2022;Marianne;Guerre en Ukraine : le rapport parlementaire qui avait tout vu (et que personne n'a lu)
31/03/2022;La Croix;Quand le prix de l’essence fait basculer dans le rouge
31/03/2022;Le Point;Royaume-Uni : des centaines d'avions fantômes ont voyagé fin 2021
31/03/2022;Valeurs Actuelles;Guerre en Ukraine : Gérard Depardieu dénonce les “folles dérives inacceptables” de Vladimir Poutine
31/03/2022;Libération;A Marioupol, un infime espoir d’échappatoire
31/03/2022;L'Humanité;Fabien Roussel, face à des citoyens, « La richesse de la France, c’est vous, pas les actionnaires »
01/04/2022;Le Monde;En Russie, l’heure est à la dénonciation des opposants à « l’opération spéciale »
01/04/2022;Le Figaro;Présidentielle 2022: Emmanuel Macron fait le pari d’un meeting spectaculaire pour marquer les esprits
01/04/2022;C News;DIRECT - Guerre en Ukraine : le CICR n'a pas pu procéder à l'évacuation de Marioupol, une nouvelle tentative prévue ce samedi
01/04/2022;20 Minutes;Avec 18 centimes de moins à la pompe, « les Allemands aiment monsieur Macron »
01/04/2022;Les Echos;L'écart Le Pen-Mélenchon se réduit, Pécresse en difficulté… le bilan hebdo de notre sondage
01/04/2022;France Info;Guerre en Ukraine : ce qu'il faut retenir de la journée du vendredi 1er avril
01/04/2022;Nouvel Obs;Procès du 13-Novembre : les images et le son du Bataclan diffusés pour « s’approcher au plus près du crime »
01/04/2022;L'Express;Coupure du gaz russe : un scénario cauchemardesque pour l'Allemagne
01/04/2022;BFM TV;Échec de l'évacuation à Marioupol, frappe en Russie: où en est-on au 37e jour de guerre en Ukraine?
01/04/2022;Marianne;Benalla, Buzyn, Kohler… Quelles suites judiciaires pour les affaires de l'ère Macron ?
01/04/2022;La Croix;Présidentielle 2022 : place de l’islam, les programmes des candidats à la loupe
01/04/2022;Le Point;Emmanuel Macron ou la campagne « par-dessus la jambe »
01/04/2022;Valeurs Actuelles;Guerre en Ukraine : Poutine peut “redevenir un allié” à l’issue du conflit, selon Marine Le Pen
01/04/2022;Libération;Coupe du monde 2022 : tirage au sort clément pour les Bleus
01/04/2022;L'Humanité;Fabien Roussel, face à des citoyens, « La richesse de la France, c’est vous, pas les actionnaires »
02/04/2022;Le Monde;Le gouvernement ukrainien revendique la libération de « toute la région de Kiev »
02/04/2022;Le Figaro;Présidentielle 2022 : Emmanuel Macron sonne la mobilisation contre les extrêmes
02/04/2022;C News;DIRECT - Guerre en Ukraine : Près de 300 personnes ont dû être enterrées «dans des fosses communes» à Boutcha, près de Kiev
02/04/2022;20 Minutes;A La Défense, Emmanuel Macron rappelle l’électorat de gauche au barrage
02/04/2022;Les Echos;Présidentielle : en meeting, Emmanuel Macron fait des appels du pied à la gauche
02/04/2022;France Info;"Présidentielle 2022 : Emmanuel Macron sonne \la mobilisation générale\"" lors d'un grand meeting à 8 jours du premier tour"""
02/04/2022;Nouvel Obs;« Nos vies valent plus que leurs profits » : à la Défense, Macron a fait du pied à la gauche
02/04/2022;L'Express;Présidentielle 2022 : Emmanuel Macron tente de résoudre les écueils de sa campagne
02/04/2022;BFM TV;"EN DIRECT - Guerre en Ukraine: toute la région de Kiev a été \libérée\"", annonce le gouvernement ukrainien"""
02/04/2022;Marianne;Meeting de Macron : tout, il faudrait tout oublier
02/04/2022;La Croix;À une semaine du premier tour, Emmanuel Macron sonne la « mobilisation générale »
02/04/2022;Le Point;Grippe saisonnière : pourquoi elle fait un retour en force
02/04/2022;Valeurs Actuelles;À Marseille, Éric Zemmour refoulé d'un terrain de football par le frère de Zidane
02/04/2022;Libération;Guerre en Ukraine: Toute la région de Kyiv libérée, mais dévastée après le retrait des troupes russes
02/04/2022;L'Humanité;Présidentielle. Dans les coulisses des « jours heureux »
03/04/2022;Le Monde;Les corps découverts à Boutcha « soulèvent de sérieuses questions quant à d’éventuels crimes de guerre », selon l’ONU, la Russie conteste toute responsabilité
03/04/2022;Le Figaro;Des corps massacrés jonchent les routes d’Irpin et de Boutcha en Ukraine: le récit de l’envoyée spéciale du Figaro
03/04/2022;C News;DIRECT - Guerre en Ukraine : 7 morts et 34 blessés dans une frappe russe sur Kharkiv, dans le nord-est de l'Ukraine
03/04/2022;20 Minutes;L’agriculture bretonne va-t-elle renier sa transition écologique pour produire plus ?
03/04/2022;Les Echos;Présidentielle : dernière ligne droite d'une campagne atypique
03/04/2022;France Info;VIDEO. Guerre en Ukraine : sous les décombres du théâtre de Marioupol
03/04/2022;Nouvel Obs;« C’est comme ça qu’on la connaît » : pour son dernier rappel, Pécresse redevient elle-même
03/04/2022;L'Express;L'Ukraine affirme avoir retrouvé les corps de 410 civils près de Kiev
03/04/2022;BFM TV;EN DIRECT - Guerre en Ukraine: les corps de 410 civils retrouvés dans les territoires récemment libérés près de Kiev
03/04/2022;Marianne;À Paris, le baroud d'honneur de Pécresse
03/04/2022;La Croix;Le pape aux migrants, à Malte : « Je ne vous ai jamais oubliés ! »
03/04/2022;Le Point;Aurélie Jean – Zemmour et la folie des ordres de grandeur
03/04/2022;Valeurs Actuelles;800 universitaires appellent à voter Mélenchon : l’enseignement supérieur, plus à gauche que jamais ?
03/04/2022;Libération;Au Mali, cinq jours de massacre à Moura
03/04/2022;L'Humanité;Présidentielle. Les droites prônent le retour de l’austérité
04/04/2022;Le Monde;Guerre en Ukraine : la France et l’Allemagne annoncent l’expulsion de plusieurs dizaines de diplomates russes
04/04/2022;Le Figaro;«Les soldats russes violaient sauvagement les femmes après avoir tué les hommes»: le récit de notre envoyée spéciale à Kiev
04/04/2022;C News;DIRECT - Guerre en Ukraine : la Russie va désormais «concentrer son offensive» sur l'est, selon la Maison Blanche
04/04/2022;20 Minutes;Pourquoi TF1 a décidé d'expédier la soirée électorale, dimanche
04/04/2022;Les Echos;Embargo sur l'énergie russe : un impact « très faible » pour la France, « modéré » pour l'Allemagne
04/04/2022;France Info;Présidentielle 2022 : le coup de barre à gauche d'Emmanuel Macron, vrai tournant ou simple rééquilibrage ?
04/04/2022;Nouvel Obs;Jadot à l’Elysée ? Voici à quoi ressembleraient les 100 premiers jours d’une présidence écolo
04/04/2022;L'Express;Gaz à effets de serre : les solutions du Giec pour contenir le réchauffement climatique
04/04/2022;BFM TV;Zelensky à Boutcha, crimes de guerre: quelle est la situation au 40e jour de l'invasion russe en Ukraine?
04/04/2022;Marianne;HESITATOR 2022 : Marianne vous aide à trouver votre candidat pour la présidentielle
04/04/2022;La Croix;Au procès des attentats du 13 novembre, Salah Abdeslam et deux ados dans une cage d’escalier
04/04/2022;Le Point;Famille Le Pen : 40 ans de trahisons
04/04/2022;Valeurs Actuelles;McKinsey et les cabinets de conseil, grands brûlés d’une affaire politique.
04/04/2022;Libération;Jean-Luc Mélenchon: «Nous sommes les plus nombreux, les plus organisés, les plus cohérents»
04/04/2022;L'Humanité;Solidarité. L’accueil exemplaire des Ukrainiens en France
05/04/2022;Le Monde;"« Elysée 2022 » : Eric Zemmour se présente en « vote vital » face à Emmanuel Macron ; Yannick Jadot estime que « dimanche se joue un choix de civilisation »"
05/04/2022;Le Figaro;Au nord-ouest de Kiev, dans la bourgade dévastée de Borodyanka: le récit de l'envoyée spéciale du Figaro
05/04/2022;C News;DIRECT - Guerre en Ukraine : Volodymyr Zelensky demande l'exclusion de la Russie du Conseil de sécurité de l'ONU
05/04/2022;20 Minutes;Les Détraqueurs espagnols aspirent l'âme des joueurs anglais...
05/04/2022;Les Echos;EN DIRECT - Présidentielle : plus que quatre points d'écart entre Macron et Le Pen
05/04/2022;France Info;"Election présidentielle : \Emmanuel Macron essaie de plagier mes idées\"", tacle Valérie Pécresse sur le plateau d'\""Elysée 2022\"""""
05/04/2022;Nouvel Obs;« Elysée 2022 » : Poutou se moque de Macron et Zemmour, Jadot tacle les lobbies
05/04/2022;L'Express;Guerre en Ukraine : Vladimir Poutine va commettre bien d'autres Boutcha
05/04/2022;BFM TV;SONDAGE BFMTV - Présidentielle: l'écart se réduit entre Macron et Le Pen au 1er tour, Mélenchon 3eme
05/04/2022;Marianne;"Mort de Jérémy Cohen : \rien ne permet d’établir qu’il portait sa kippa\"""""
05/04/2022;La Croix;« Beaucoup de victimes de viol ne veulent pas parler » : À Boutcha, on compte les morts et on nourrit les survivants
05/04/2022;Le Point;Tchétchénie, Ukraine… la méthode Poutine
05/04/2022;Valeurs Actuelles;Un test d'anglais au collège propose un genre « autre », l'Éducation nationale plaide « l’erreur »
05/04/2022;Libération;«Priorité à la performance financière», repas «insuffisants»... le rapport d’enquête accablant sur Orpea
05/04/2022;L'Humanité;Décryptage. L’avenir se joue aujourd’hui, dernier carat
06/04/2022;Le Monde;Le premier ministre hongrois dit avoir demandé un cessez-le-feu à Vladimir Poutine, l’invitant à des négociations en Hongrie
06/04/2022;Le Figaro;Kiev panse ses plaies et revient lentement à une vie normale: le récit de l'envoyée spéciale du Figaro
06/04/2022;C News;DIRECT - Guerre en Ukraine : Joe Biden dénonce des «crimes de guerre majeurs»
06/04/2022;20 Minutes;Comment Al-Khelaïfi assume son statut de boss du foot européen
06/04/2022;Les Echos;La Russie, isolée, va tenter son va-tout militaire dans le Donbass
06/04/2022;France Info;Massacre de Boutcha en Ukraine : des images satellites et des observations sur le terrain pointent la responsabilité des soldats russes
06/04/2022;Nouvel Obs;Dans les faubourgs de Kiev, la désolation et la barbarie dans le sillage de la retraite russe
06/04/2022;L'Express;"Dominique Costagliola : \Le storytelling de McKinsey sur le Covid n'est pas scientifique\"""""
06/04/2022;BFM TV;"EN DIRECT - Affaire McKinsey: \C'est très bien\"", Emmanuel Macron salue l'ouverture d'une enquête du PNF"""
06/04/2022;Marianne;Reportage exclusif à Marioupol, en Ukraine : au coeur de l'apocalypse
06/04/2022;La Croix;Célébrée par un groupe féministe, une messe « inclusive » fait polémique à Paris
06/04/2022;Le Point;Guerre en Ukraine : « Tu dois partir maintenant », m’ont dit mes parents
06/04/2022;Valeurs Actuelles;Présidentielle : quel candidat prévoit de dépenser le plus ?
06/04/2022;Libération;La famille de Samuel Paty sort du silence: «Mon frère a été sacrifié par ceux qui auraient dû le protéger»
06/04/2022;L'Humanité;Et si voter changeait vraiment la donne ?
07/04/2022;Le Monde;Eric Zemmour s’adresse à la jeunesse, Valérie Pécresse est à Lyon : suivez les derniers meetings avant le premier tour
07/04/2022;Le Figaro;Ukraine : l'UE décide un embargo sur le charbon et la fermeture des ports européens aux navires russes
07/04/2022;C News;Israël : au moins 2 morts dans une attaque à Tel Aviv
07/04/2022;20 Minutes;Les Lyonnais vont jouer à onze contre dix Hammers…
07/04/2022;Les Echos;EN DIRECT - Guerre en Ukraine : l'Union européenne décide un embargo sur le charbon russe
07/04/2022;France Info;DIRECT. Guerre en Ukraine : l'Union européenne approuve un embargo sur le charbon russe et la fermeture de ses ports aux navires russes
07/04/2022;Nouvel Obs;Face à Marine Le Pen et l’extrême droite, le front républicain ne tient plus
07/04/2022;L'Express;"Macron et l'arme de la dissolution, la \trahison\"" d'Hidalgo, la vacherie de Bayrou..."""
07/04/2022;BFM TV;EN DIRECT - Présidentielle J-3: suivez le dernier meeting d'Éric Zemmour avant le premier tour
07/04/2022;Marianne;"Une quatrième dose pour les plus de 60 ans ? \C’est une décision prématurée\"""""
07/04/2022;La Croix;Ukraine : la Russie perd son siège au Conseil des droits de l’homme de l’ONU, mais gagne des soutiens
07/04/2022;Le Point;Présidentielle : les Français, ces « enfants gâtés de l’Europe »
07/04/2022;Valeurs Actuelles;Theo Luhaka et sa fratrie condamnés pour avoir détourné des centaines de milliers d'euros de fonds publics
07/04/2022;Libération;Les avis de décès, seuls signes que des soldats russes meurent en Ukraine
07/04/2022;L'Humanité;« Pourquoi nous avons choisi les Jours heureux »
08/04/2022;Le Monde;Présidentielle 2022 : Emmanuel Macron stable, Marine Le Pen et Jean-Luc Mélenchon progressent
08/04/2022;Le Figaro;Présidentielle 2022: la fin d’une campagne volatile et insaisissable
08/04/2022;C News;DIRECT - Guerre en Ukraine : Jean-Yves Le Drian dénonce un «crime contre l'humanité» après l'attaque de la gare de Kramatorsk
08/04/2022;20 Minutes;Les versions diamétralement opposées à la barre d’Alain Schmitt et de Margaux Pinot
08/04/2022;Les Echos;Ces entreprises dont la performance boursière a été dopée par la guerre en Ukraine
08/04/2022;France Info;Guerre en Ukraine : ce qu'il faut retenir de la journée du vendredi 8 avril
08/04/2022;Nouvel Obs;Présidentielle : puisque rien n’est joué, il est vital de voter dès le premier tour
08/04/2022;L'Express;INFOGRAPHIES. Présidentielle 2022 : les bras droits des candidats au banc d'essai
08/04/2022;BFM TV;Présidentielle: pourquoi vous n'allez plus entendre les candidats jusqu'à dimanche 20H
08/04/2022;Marianne;Présidentielle 2022 : en Corse, un premier tour sous haute tension
08/04/2022;La Croix;Présidentielle 2022 : récit d’une insaisissable campagne
08/04/2022;Le Point;Présidentielle : questions pour une élection
08/04/2022;Valeurs Actuelles;Présidentielle 2022 : l’affaire McKinsey est “un jeu d’hypocrites complet”, estime Emmanuel Macron
08/04/2022;Libération;EN DIRECT - Guerre en Ukraine: massacre à la gare de Kramatorsk, Le Drian dénonce un «crime contre l’humanité»
08/04/2022;L'Humanité;« Pourquoi nous avons choisi les Jours heureux »
09/04/2022;Le Monde;Quiz : de quel candidat êtes-vous le plus proche ?
09/04/2022;Le Figaro;Présidentielle 2022: ces 10 défis que le futur locataire de l'Élysée devra absolument relever
09/04/2022;C News;Guerre en Ukraine : pourquoi le 9 mai est une date butoir pour Vladimir Poutine
09/04/2022;20 Minutes;Education, santé, environnement… On a comparé les programmes des candidats
09/04/2022;Les Echos;Commerce : les Etats-Unis veulent asphyxier la Russie
09/04/2022;France Info;Guerre en Ukraine : dans les villages désertés par les forces russes, la destruction et la désolation
09/04/2022;Nouvel Obs;A l’étranger et en outre-mer, le vote pour la présidentielle a déjà commencé
09/04/2022;L'Express;"Ukraine : \En Russie, le frigidaire vide l'emportera sur la propagande de la télévision\"""""
09/04/2022;BFM TV;EN DIRECT - Guerre en Ukraine: Boris Johnson offre à l'Ukraine des véhicules blindés et des missiles antinavires
09/04/2022;Marianne;"\Sacré Bordel\"" : Bigflo, un suppo et Oli"""
09/04/2022;La Croix;Guerre en Ukraine : le pape François demande « une trêve de Pâques »
09/04/2022;Le Point;Deux ans avant la disparition de Delphine Jubillar, une affaire similaire
09/04/2022;Valeurs Actuelles;Aux Etats-Unis, le nombre d’utilisateurs de la Bible a enregistré une “baisse sans précédent”
09/04/2022;Libération;Mort de Michel Delebarre, ancien ministre socialiste et maire de Dunkerque
09/04/2022;L'Humanité;« Pourquoi nous avons choisi les Jours heureux »
10/04/2022;Le Monde;L’éditorial du Figaro: «Macron, les défis d’une victoire»
10/04/2022;Le Figaro;Présidentielle 2022 : Emmanuel Macron-Marine Le Pen, à quel remake faut-il s’attendre ?
10/04/2022;C News;Eric Zemmour appelle à voter Marine Le Pen...
10/04/2022;20 Minutes;EN DIRECT - Présidentielle : Eric Zemmour appelle à voter pour Marine Le Pen
10/04/2022;Les Echos;CARTE. Résultats présidentielle 2022 : découvrez les scores de l'élection dans votre ville
10/04/2022;France Info;Troisième, Mélenchon appelle à ne pas « donner une seule voix à Madame Le Pen »
10/04/2022;Nouvel Obs;"Présidentielle en direct : Macron appelle à fonder \un grand mouvement politique d'unité et..."""
10/04/2022;L'Express;"Présidentielle : Éric Zemmour annonce qu'il \continuera à défendre la France\"" et appelle à voter Le Pen"""
10/04/2022;BFM TV;EN DIRECT - Résultats de la présidentielle 2022 : Macron remercie Hidalgo, Jadot, Pécresse et Roussel d’avoir appelé à voter pour lui
10/04/2022;Marianne;Présidentielle : Marine Le Pen, la résiliente
10/04/2022;La Croix;Scandales sanitaires : plus de 80 centres dentaires dans le viseur de l’Assurance maladie
10/04/2022;Le Point;Présidentielle: Emmanuel Macron, la victoire par le vide sidéral
10/04/2022;Valeurs Actuelles;En direct : un 2e tour Macron-Le Pen. Résultats à gauche, réactions, analyse : suivez notre soirée spéciale du 1er tour de la Présidentielle 2022
10/04/2022;Libération;L’éditorial du Figaro: «Macron, les défis d’une victoire»
10/04/2022;L'Humanité;Présidentielle 2022 : Emmanuel Macron-Marine Le Pen, à quel remake faut-il s’attendre ?
11/04/2022;Le Monde;Emmanuel Macron se dit « prêt à discuter du rythme et des bornes » de la réforme des retraites, sur laquelle il « n’exclut pas » un référendum
11/04/2022;Le Figaro;Présidentielle 2022 : Emmanuel Macron accélère en se tournant vers sa gauche
11/04/2022;C News;Présidentielle 2022 : Emmanuel Macron sur les terres de Marine Le Pen pour son premier déplacement de l'entre-deux tours
11/04/2022;20 Minutes;Qui a voté pour quel candidat au premier tour ? La sociologie de l’élection
11/04/2022;Les Echos;Présidentielle : Emmanuel Macron « ouvre la porte » à la retraite à 64 ans
11/04/2022;France Info;"DIRECT. Présidentielle 2022 : Emmanuel Macron se dit prêt à \bouger\"" sur sa réforme des retraites"""
11/04/2022;Nouvel Obs;Eric Zemmour rêvait d’une épopée, sa campagne s’achève sur une déroute
11/04/2022;L'Express;2022, le séisme tranquille : comment on s'est accoutumé à l'affrontement de deux France
11/04/2022;BFM TV;Files d’attente à Paris au premier tour de la présidentielle : la faute à qui ?
11/04/2022;Marianne;Le pape François se rendra au Kazakhstan en septembre
11/04/2022;La Croix;Valérie Pécresse : qui va rembourser les millions ?
11/04/2022;Le Point;Présidentielle 2022 : Mélenchon bientôt à la direction d’une fondation politique
11/04/2022;Valeurs Actuelles;Macron: avant le second tour, une approche un peu gauche
11/04/2022;Libération;La tactique du référendum anti-Macron, un piège tendu à la gauche
11/04/2022;L'Humanité;Emmanuel Macron se dit « prêt à discuter du rythme et des bornes » de la réforme des retraites, sur laquelle il « n’exclut pas » un référendum
12/04/2022;Le Monde;Macron estime que « cette élection est aussi un référendum sur l’Europe », Le Pen présente ses propositions sur la démocratie : l’actualité politique du 12 avril
12/04/2022;Le Figaro;Sarkozy, un ralliement à double tranchant pour Macron
12/04/2022;C News;«Je n’ai jamais vu un président de la Ve République aussi nul que vous» : Emmanuel Macron pris à partie en Alsace
12/04/2022;20 Minutes;Castex a-t-il émis l’équivalent de six mois de CO2 d'un Français pour aller voter ?
12/04/2022;Les Echos;La Banque de France revoit à la baisse sa prévision de croissance au premier trimestre
12/04/2022;France Info;INFOGRAPHIES. Présidentielle 2022 : six cartes et graphiques pour comprendre les résultats du premier tour
12/04/2022;Nouvel Obs;Immigration, Poutine, affaires judiciaires… Ce que Marine Le Pen veut gommer
12/04/2022;L'Express;Sarkozy annonce son soutien à Macron... et déclenche de nouvelles turbulences chez LR
12/04/2022;BFM TV;"EN DIRECT - Macron à Strasbourg: \cette élection présidentielle est aussi un référendum sur l'Europe\"""""
12/04/2022;Marianne;Cas rarissime : un espion russe arrêté en flagrant délit en France
12/04/2022;La Croix;Présidentielle 2022 : une réforme des retraites, pour quoi faire ?
12/04/2022;Le Point;Guerre en Ukraine : Olaf Scholz, le diviseur de l’UE
12/04/2022;Valeurs Actuelles;Présidentielle 2022 : les détenus ont majoritairement voté pour Mélenchon, devant Le Pen et Macron
12/04/2022;Libération;Enquête pour «trafic d’influence»: Nikolaï Sarkisov, l’étrange ami russe de Nicolas Sarkozy
12/04/2022;L'Humanité;Avec Marine Le Pen, l'état de droit en péril
13/04/2022;Le Monde;Nouvelle aide militaire américaine, accusations de génocide, flou à Marioupol,... le point sur la situation
13/04/2022;Le Figaro;Le tireur présumé du métro new-yorkais arrêté et inculpé d'«acte terroriste»
13/04/2022;C News;Refus de parler de génocide en Ukraine : le président Zelensky trouve Emmanuel Macron «très blessant»
13/04/2022;20 Minutes;Pourquoi ne trouve-t-on plus d’huile de tournesol dans certains supermarchés ?
13/04/2022;Les Echos;L'impossible fin de l'impôt sur le revenu pour les moins de 30 ans promise par Marine Le Pen
13/04/2022;France Info;CARTES. Résultats présidentielle 2022 : comment ont voté Paris, Lyon et Marseille, les trois plus grandes villes de France ?
13/04/2022;Nouvel Obs;Michel Bouquet, enfant du siècle et acteur de toujours
13/04/2022;L'Express;Le populisme de Marine Le Pen se paiera cash en pouvoir d'achat
13/04/2022;BFM TV;EN DIRECT - Présidentielle: Bardella et Darmanin s'opposent sur la retraite à 65 ans
13/04/2022;Marianne;Trois fois non : contrairement à ce que dit Macron, supprimer l’ISF n’a pas été bon pour l’économie
13/04/2022;La Croix;Présidentielle 2022 : l’Europe, le duel des programmes entre Macron et Le Pen
13/04/2022;Le Point;Macron-Le Pen : le souverainisme européen contre le souverainisme national
13/04/2022;Valeurs Actuelles;Présidentielle 2022 : un collectif d'étudiants « antifascistes » occupe la Sorbonne
13/04/2022;Libération;Marine Le Pen : liberté, je décrie ton nom
13/04/2022;L'Humanité;Scandales alimentaires, la chaîne de contrôle en faillite
14/04/2022;Le Monde;Dans Kherson occupée par la Russie, le dilemme d’une population épuisée
14/04/2022;Le Figaro;À Boutcha, une topographie de la terreur russe: le reportage de l’envoyé spécial du Figaro
14/04/2022;C News;«Les grands meetings 2022» : ce qu'il faut retenir du discours de Marine Le Pen à Avignon
14/04/2022;20 Minutes;L'ambassade de France, qui avait été transférée à Lviv, va retourner à Kiev...
14/04/2022;Les Echos;Présidentielle : au Havre avec Edouard Philippe, Macron promet « d'accélérer » sur l'écologie
14/04/2022;France Info;DIRECT. Présidentielle 2022 : l'ancien président François Hollande appelle à voter pour Emmanuel Macron au second tour
14/04/2022;Nouvel Obs;Ukraine : pourquoi une partition du pays serait de mauvais augure
14/04/2022;L'Express;"En meeting à Avignon, Marine Le Pen joue \le peuple contre l'oligarchie\"""""
14/04/2022;BFM TV;EN DIRECT - Présidentielle: François Hollande appelle à voter pour Emmanuel Macron au 2nd tour
14/04/2022;Marianne;Présidentielle : la profession de foi de Marine Le Pen est trompeuse… celle d'Emmanuel Macron aussi
14/04/2022;La Croix;Notre-Dame de Paris : une campagne de fouilles exceptionnelle
14/04/2022;Le Point;Le Qatar demande aux LGBT de la « discrétion » lors de la Coupe du monde
14/04/2022;Valeurs Actuelles;Mort de Jérémie Cohen : les deux hommes en garde à vue présentés à un juge d'instruction pour « violences »
14/04/2022;Libération;EE-LV, PCF, PS: après les 22% de Mélenchon, le rangement c’est maintenant
14/04/2022;L'Humanité;Ces amis de Le Pen, ennemis de leur peuple
15/04/2022;Le Monde;Encerclée, bombardée par les Russes, Tchernihiv la résistante
15/04/2022;Le Figaro;Emmanuel Macron-Marine Le Pen: le match des projets économiques
15/04/2022;C News;DIRECT - Présidentielle 2022 : Près de 500 artistes ont signé une tribune appelant à voter Emmanuel Macron
15/04/2022;20 Minutes;Les Français sont-ils prêts à lâcher leur téléphone au volant ?
15/04/2022;Les Echos;Le risque d'une frappe nucléaire russe en Ukraine est pris au sérieux
15/04/2022;France Info;"DIRECT. Guerre en Ukraine : le Pentagone confirme que le croiseur russe, le \Moskva\"", a bien été coulé par deux missiles ukrainiens"""
15/04/2022;Nouvel Obs;« Poutine a fait de nous des zombies » : entre peur, mutisme et propagande, plongée dans une Russie en guerre
15/04/2022;L'Express;"Guerre en Ukraine : \Il semble que le crime contre l'humanité soit constitué\"""""
15/04/2022;BFM TV;Washington affirme que le croiseur russe Moskva a bien été coulé par deux missiles ukrainiens
15/04/2022;Marianne;Ces listes fantômes de futurs transfuges LR qui se baladent en Macronie
15/04/2022;La Croix;« L’Ouest nous a toujours détestés » : en Russie, les sanctions boostent la popularité de Poutine
15/04/2022;Le Point;Tristes Pâques pour la famille Ferrero
15/04/2022;Valeurs Actuelles;Présidentielle 2022 : Marine Le Pen jugée la plus compétente sur le pouvoir d'achat selon un sondage
15/04/2022;Libération;Sur l’esplanade des Mosquées de Jérusalem, «pour l’instant, ça tient»
15/04/2022;L'Humanité;Trois amis de Le Pen, trois ennemis de leur peuple
16/04/2022;Le Monde;A Marseille, Emmanuel Macron projette la France en « grande nation écologique » pour séduire l’électorat de gauche
16/04/2022;Le Figaro;Comment Poutine russifie les zones conquises en Ukraine: le reportage de l’envoyé spécial du Figaro
16/04/2022;C News;Présidentielle 2022 : Que faut-il retenir du meeting d'Emmanuel Macron à Marseille ?
16/04/2022;20 Minutes;A Marseille, Emmanuel Macron cherche « l’effet waouh » sur l’écologie
16/04/2022;Les Echos;A Marseille, Macron devient le candidat de l'écologie
16/04/2022;France Info;"Présidentielle 2022 : à Marseille, Emmanuel Macron soigne sa gauche en promettant une \politique qui sera écologique ou ne sera pas\"""""
16/04/2022;Nouvel Obs;A Marseille, Macron joue la stratégie de la pastèque pour séduire les jeunes
16/04/2022;L'Express;Emmanuel Macron à Marseille : son appel aux électeurs écolos de Jean-Luc Mélenchon
16/04/2022;BFM TV;EN DIRECT - Guerre en Ukraine: Kiev, Kharkiv, Lysychansk... les bombardements russes se poursuivent
16/04/2022;Marianne;Macron – Le Pen : trois cartes qui illustrent le vote de classes
16/04/2022;La Croix;Présidentielle 2022 : faut-il chercher à convaincre ses proches ?
16/04/2022;Le Point;Alain Chouraqui : « Les risques pour la démocratie ont été multipliés par 5 en 30 ans »
16/04/2022;Valeurs Actuelles;Seine-Saint-Denis : une élue évincée du groupe départemental LR après son soutien à Zemmour
16/04/2022;Libération;A Marseille, Macron poursuit l’opération «plus belle ma gauche»
16/04/2022;L'Humanité;Manifestation. « Le risque est trop grand, on va se boucher le nez et faire barrage à Le Pen »
17/04/2022;Le Monde;Guerre en Ukraine : Marioupol toujours assiégée, calme précaire à Kramatorsk
17/04/2022;Le Figaro;Le PSG remporte un triste et décevant Classique face à l'OM
17/04/2022;C News;École : quelles sont les propositions d'Emmanuel Macron et Marine Le Pen ?
17/04/2022;20 Minutes;Paris remporte le classico et plie (quasi) définitivement la Ligue 1
17/04/2022;Les Echos;EN DIRECT - Guerre en Ukraine : les temps forts du dimanche 17 avril
17/04/2022;France Info;PSG-OM : Paris remporte un Classique décevant et se rapproche du titre
17/04/2022;Nouvel Obs;Les enseignes françaises doivent-elles quitter la Russie ?
17/04/2022;L'Express;Cyril Hanouna, Mylène Farmer, crop top, le Bon Coin : les goûts des nouveaux lepénistes
17/04/2022;BFM TV;PSG-OM en direct: Paris s'offre le Classique et se rapproche du titre
17/04/2022;Marianne;Scandale Orpea : ils sont de plus en plus nombreux à retirer leurs proches des Ehpad
17/04/2022;La Croix;« Semer, c’est mon combat » : l’agriculture patriotique des paysans ukrainiens
17/04/2022;Le Point;Israël : une vingtaine de blessés après de nouveaux heurts à Jérusalem
17/04/2022;Valeurs Actuelles;[Vidéo] “Je n’ai pas de regrets” : Emmanuel Macron revient sur son quinquennat et sa campagne présidentielle
17/04/2022;Libération;Le Pen et la diplomatie: despotes sur qui compter
17/04/2022;L'Humanité;Manifestation. « Le risque est trop grand, on va se boucher le nez et faire barrage à Le Pen »
18/04/2022;Le Monde;Volodymyr Zelensky annonce que « les troupes russes ont commencé la bataille pour le Donbass »
18/04/2022;Le Figaro;DIRECT - Guerre en Ukraine : Zelensky annonce le début de l'offensive russe dans l'est de l'Ukraine
18/04/2022;C News;DIRECT - Guerre en Ukraine : l'offensive russe dans l'Est du pays «a commencé», annoncent les autorités locales ukrainiennes
18/04/2022;20 Minutes;L’offensive russe dans l’est du pays « a commencé », prévient Zelensky...
18/04/2022;Les Echos;Ukraine : la bataille du Donbass se précise
18/04/2022;France Info;DIRECT. Guerre en Ukraine : Volodymyr Zelensky annonce que l'offensive russe dans l'est de l'Ukraine a commencé
18/04/2022;Nouvel Obs;« Les troupes russes ont commencé la bataille pour le Donbass », annonce Volodymyr Zelensky
18/04/2022;L'Express;"\Quelque chose s'est débloqué\"" : pour eux, voter Marine Le Pen n'est plus tabou"""
18/04/2022;BFM TV;EN DIRECT - Volodymyr Zelensky confirme que l'offensive russe dans l'est de l'Ukraine a commencé
18/04/2022;Marianne;"Appel de Daesh à reprendre les attentats : \Ils misent sur un chaos en Occident qui n'existe pas\"""""
18/04/2022;La Croix;Présidentielle 2022 : entre Le Pen et Macron, « y a pas de candidat parfait »
18/04/2022;Le Point;La suppression du corps diplomatique suscite l'indignation
18/04/2022;Valeurs Actuelles;Présidentielle : le rappeur Médine votera Macron, contre son « ennemie » Marine Le Pen
18/04/2022;Libération;Guerre en Ukraine: Volodymyr Zelensky annonce le début de «la bataille pour le Donbass»
18/04/2022;L'Humanité;Le Pen et Zemmour, brun bonnet et bonnet brun
19/04/2022;Le Monde;Jean-Luc Mélenchon : « Je demande aux Français de m’élire premier ministre » en votant pour « une majorité de députés “insoumis” » aux législatives
19/04/2022;Le Figaro;Présidentielle 2022: face à Macron, Le Pen tente l’oral de rattrapage
19/04/2022;C News;Présidentielle 2022 : climatisation, décor, cadrages… Tout savoir sur le débat entre Emmanuel Macron et Marine Le Pen de demain soir
19/04/2022;20 Minutes;La banquise à son plus bas niveau enregistré après l’été austral
19/04/2022;Les Echos;Faible croissance et inflation : le cocktail explosif prévu cette année par le FMI
19/04/2022;France Info;Présidentielle 2022 : plateau, réalisation, thèmes... Ce qu'il faut savoir du débat de l'entre-deux-tours entre Marine Le Pen et Emmanuel Macron
19/04/2022;Nouvel Obs;« Marine Le Pen pourrait provoquer un coup d’Etat institutionnel »
19/04/2022;L'Express;Macron et le parti unique : comment il a énervé Bayrou, refroidi Philippe et agacé les siens
19/04/2022;BFM TV;Second tour, législatives... Ce qu'il faut retenir de l'interview de Jean-Luc Mélenchon sur BFMTV
19/04/2022;Marianne;Retraites : y a-t-il vraiment urgence à réformer, comme le laisse entendre Macron ?
19/04/2022;La Croix;Stratégie, scénarios, objectif... En quoi consiste l’offensive russe dans le Donbass ?
19/04/2022;Le Point;WRC: Sébastien Loeb à l'affiche du Rallye du Portugal
19/04/2022;Valeurs Actuelles;Présidentielle : le patron de l'Office français de l'immigration refuserait de travailler avec Marine Le Pen
19/04/2022;Libération;Dans le Donbass, les troupes se préparent à une bataille cruciale
19/04/2022;L'Humanité;Quand Marine Le Pen montre son vrai visage au Parlement
20/04/2022;Le Monde;ANALYSE EXCLUSIVE - Macron-Le Pen: ces deux France que tout oppose
20/04/2022;Le Figaro;DIRECT - Présidentielle 2022 : «En interdisant le voile dans l'espace public [...] vous allez créer la guerre civile», lance Emmanuel Macron à Marine Le Pen
20/04/2022;C News;Macron promet de recourir au référendum, et Le Pen d'instaurer le RIC...
20/04/2022;20 Minutes;EN DIRECT - Présidentielle : passe d’armes entre Macron et Le Pen sur le voile
20/04/2022;Les Echos;"DIRECT. Débat de la présidentielle : Marine Le Pen défend son projet de loi contre \l'idéologie islamiste\"", Emmanuel Macron fustige \""une trahison\"""""
20/04/2022;France Info;EN DIRECT. Débat Macron-Le Pen : les deux candidats s'écharpent sur la question du voile
20/04/2022;Nouvel Obs;De Gaulle, Poutine, Lapix… suivez le débat Macron-Le Pen en direct avec nos invités spéciaux
20/04/2022;L'Express;Présidentielle 2022 : débat Macron - Le Pen, les analyses de « La Croix » en direct
20/04/2022;BFM TV;EN DIRECT. Débat présidentiel : comment réenchanter la démocratie ?
20/04/2022;Marianne;“Je ne trouve pas ça normal” : des touristes en proie à la délinquance au Champ-de-Mars à Paris
20/04/2022;La Croix;Débat présidentiel: les travailleurs détachés en France sont-ils 50 000 ou plusieurs centaines de milliers?
20/04/2022;Le Point;L’extrême droite, ils en ont fait l’amère expérience
20/04/2022;Valeurs Actuelles;ANALYSE EXCLUSIVE - Macron-Le Pen: ces deux France que tout oppose
20/04/2022;Libération;DIRECT - Présidentielle 2022 : «En interdisant le voile dans l'espace public [...] vous allez créer la guerre civile», lance Emmanuel Macron à Marine Le Pen
20/04/2022;L'Humanité;Macron promet de recourir au référendum, et Le Pen d'instaurer le RIC...
21/04/2022;Le Monde;"Joe Biden annonce une nouvelle aide militaire de 800 millions de dollars à l’Ukraine ; un soutien « plus que nécessaire », juge Zelensky"
21/04/2022;Le Figaro;Après leur débat, Emmanuel Macron et Marine Le Pen retournent se frotter au terrain
21/04/2022;C News;DIRECT - Présidentielle 2022 : Emmanuel Macron confirme la mise en place de la retraite à 65 ans, à l'horizon 2031
21/04/2022;20 Minutes;Un suspect mis en examen en Allemagne dans l'affaire Maddie
21/04/2022;Les Echos;Elon Musk dévoile son plan de financement pour racheter Twitter
21/04/2022;France Info;"VIDEO. Présidentielle 2022 : revivez l'interview d'Emmanuel Macron au \20 heures\"" de France 2"""
21/04/2022;Nouvel Obs;Pour son dernier meeting, Marine Le Pen se lâche contre Macron « le cancre »
21/04/2022;L'Express;Macron ou Le Pen ? Mélenchonistes ou abstentionnistes, plongée dans cette France qui débat
21/04/2022;BFM TV;"\Inquiétant, désespérant, écœurant\"", à trois jours du second tour, le crève-cœur des mélenchonistes"""
21/04/2022;Marianne;"\Julien c’est confirmé, Jospin est éliminé\"" : le 21 avril 2002 raconté par ceux qui l'ont vécu"""
21/04/2022;La Croix;Présidentielle 2022 : le pape François préoccupé par l’abstention
21/04/2022;Le Point;Gernelle – Le lepéno-mélenchonisme, stade suprême du cynisme
21/04/2022;Valeurs Actuelles;“Un cancre“, “condescendant“ : Marine Le Pen étrille Emmanuel Macron pour son dernier meeting
21/04/2022;Libération;En visite à Saint-Denis, Macron bichonne les «quartiers» et attaque le projet de «discorde» de Le Pen
21/04/2022;L'Humanité;Le Pen à l’Élysée : ne laissons pas faire
22/04/2022;Le Monde;Emmanuel Macron favori du second tour, mais Marine Le Pen à un niveau élevé, selon un ultime sondage
22/04/2022;Le Figaro;Présidentielle 2022: Macron ou Le Pen, les Français à l’heure du vote
22/04/2022;C News;Emmanuel Macron interpellé par des opposants depuis leur balcon à Figeac (vidéo)
22/04/2022;20 Minutes;L'estimation qui donne Marine Le Pen gagnante est-elle crédible ?
22/04/2022;Les Echos;La France assume la livraison d'armes lourdes à l'Ukraine
22/04/2022;France Info;Guerre en Ukraine : ce qu'il faut retenir de la journée du 22 avril
22/04/2022;Nouvel Obs;Que disent les derniers sondages, deux jours avant le second tour ?
22/04/2022;L'Express;Présidentielle 2022 : à Figeac, Emmanuel Macron se fait le chantre de la ruralité
22/04/2022;BFM TV;Trêve à Marioupol, objectifs de Moscou: la situation au 58e jour de l'invasion russe en Ukraine
22/04/2022;Marianne;Impôts : avec Macron comme avec Le Pen, les plus riches pourront dormir tranquille
22/04/2022;La Croix;Pierre Rosanvallon : « L’époque nous appelle à la vigilance et à la lucidité »
22/04/2022;Le Point;À la une ce samedi 23 avril… Début de la période de réserve, manifestations en soutien à l'Ukraine, Ligue 1... 
22/04/2022;Valeurs Actuelles;Des lettres pro-Macron envoyées par plusieurs maires font polémique
22/04/2022;Libération;A Figeac, Emmanuel Macron vante «la France rurale» et une écologie sans «produire moins»
22/04/2022;L'Humanité;Le Pen à l’Élysée : ne laissons pas faire
23/04/2022;Le Monde;Au moins huit morts dans des bombardements à Odessa, et six morts dans la région du Louhansk
23/04/2022;Le Figaro;DIRECT - Guerre en Ukraine : Zelensky annonce la visite dimanche du secrétaire d'État américain Antony Blinken
23/04/2022;C News;DIRECT - Guerre en Ukraine : Volodymyr Zelensky appelle à une rencontre avec Vladimir Poutine pour «mettre fin à la guerre»
23/04/2022;20 Minutes;Les Ultras du Paris Saint-Germain refusent de fêter le titre avec les joueurs
23/04/2022;Les Echos;Guerre en Ukraine : les faits marquants de samedi 23 avril
23/04/2022;France Info;Ligue 1 : champion malgré son match nul contre Lens, le PSG égale Saint-Etienne avec un dixième titre national dans son histoire
23/04/2022;Nouvel Obs;Marine Le Pen à l’Elysée ? Le scénario noir des 100 premiers jours d’une présidence d’extrême droite
23/04/2022;L'Express;Présidentielle : pièce d'identité, horaires, procuration... Le mode d'emploi du second tour
23/04/2022;BFM TV;Intervention historique de Zelensky, Odessa: le point au 59e jour de l'invasion russe en Ukraine
23/04/2022;Marianne;Ce que votre porte-monnaie y gagnerait si on bloquait les prix
23/04/2022;La Croix;Vivre à l’euro près, les classes moyennes sur le fil
23/04/2022;Le Point;À la une ce dimanche 24 avril… Deuxième tour de la présidentielle, deux mois de guerre en Ukraine, duel franco-français en Ligue des Champions… Toute l’actu du jour.
23/04/2022;Valeurs Actuelles;Israël : Poutine réclame une église orthodoxe à Jérusalem, un casse-tête pour Naftali Bennett
23/04/2022;Libération;Au second tour, «on pourrait aller au record du plus faible nombre de voix à une présidentielle»
23/04/2022;L'Humanité;Le Pen à l’Élysée : ne laissons pas faire
24/04/2022;Le Monde;Macron promet « une ère nouvelle »
24/04/2022;Le Figaro;Présidentielle 2022: Emmanuel Macron l’emporte haut la main
24/04/2022;C News;«Et un, et deux, et cinq ans de plus !» : au Champ-de-Mars, les sympathisants d'Emmanuel Macron exultent
24/04/2022;20 Minutes;Les proches de Macron dansent avant d'entrer dans « la jungle »
24/04/2022;Les Echos;Emmanuel Macron remporte une large victoire sans blanc-seing des Français
24/04/2022;France Info;Présidentielle 2022 : Emmanuel Macron s'impose, l'extrême droite progresse, l'abstention augmente… Ce qu'il faut retenir du second tour
24/04/2022;Nouvel Obs;Emmanuel Macron s’adresse aux abstentionnistes et aux électeurs qui ont fait « barrage »
24/04/2022;L'Express;Enquête sur le Macron nouveau : ses secrets, ses obsessions, ses ambitions
24/04/2022;BFM TV;"EN DIRECT - Résultats présidentielle: Zelesnky félicite Macron, \un vrai ami de l'Ukraine\"""""
24/04/2022;Marianne;Denormandie, Borne, Lagarde ou… un invité surprise ? Qui sera le prochain Premier ministre ?
24/04/2022;La Croix;« Elle a perdu, c’est le principal » : au Champ-de-Mars, le soulagement des partisans d’Emmanuel Macron
24/04/2022;Le Point;Présidentielle 2022 – Macron réélu, Le Pen battue : revivez les temps forts de la soirée
24/04/2022;Valeurs Actuelles;Présidentielle : Emmanuel Macron au Champ-de-Mars, un timide triomphe pour une large victoire
24/04/2022;Libération;Présidentielle 2022: la carte des résultats du second tour commune par commune
24/04/2022;L'Humanité;Le Pen battue, le troisième tour est lancé
25/04/2022;Le Monde;Le milliardaire Elon Musk rachète Twitter
25/04/2022;Le Figaro;Comment l’Ukraine peut-elle gagner la guerre?
25/04/2022;C News;Entre alliances et soutien à Emmanuel Macron, les candidats à la Présidentielle se lancent dans la bataille des législatives
25/04/2022;20 Minutes;La Russie met en garde contre un danger « réel » d’une Troisième guerre mondiale...
25/04/2022;Les Echos;Elon Musk va racheter Twitter pour 44 milliards de dollars
25/04/2022;France Info;EN IMAGES. Présidentielle 2022 : la victoire d'Emmanuel Macron à la une de la presse étrangère
25/04/2022;Nouvel Obs;Emmanuel Macron, ce mystérieux inconnu qui rempile à l’Elysée
25/04/2022;L'Express;"Enthoven : \En déniant une victoire sans appel, les adversaires de Macron font du Trump\"""""
25/04/2022;BFM TV;EN DIRECT - Le Conseil des ministres décalé à jeudi, 11 heures
25/04/2022;Marianne;"Chloé Morin : \Macron devra préciser sa méthode pour qu'elle ne fasse pas obstacle au rassemblement\"""""
25/04/2022;La Croix;Emmanuel Macron, la promesse d’une « nouvelle ère » pour apaiser la colère
25/04/2022;Le Point;L’ancien résistant et déporté Pierre Rolinet est mort
25/04/2022;Valeurs Actuelles;Marine Le Pen annonce sa candidature aux élections législatives
25/04/2022;Libération;Emmanuel Macro attendu au tournant du changement
25/04/2022;L'Humanité;Social et électoral, le troisième tour se prépare
